Date,SoilMineralN,UptakeN,ResidueN,SoilOMN,FertiliserN,CropN,ProductN,LostN,RSWC,Drainage,Irrigation,Green cover
08/14/2022 00:00:00,50.363933268827587,0.054290225584480822,0,0.41822349441206458,0,124.26349322419991,56.483406010999957,0,0.90000000000000013,0,0,0.01885968091708301
08/15/2022 00:00:00,48.282664921452223,0.049625248767512176,-2.447366676514092,0.41572357790624409,0,124.31311847296742,56.505962942257916,0,0.91743243243243244,0,0,0
08/16/2022 00:00:00,46.371390335598917,0,-2.3130807131358604,0.40180612728255677,0,0,0,0,0.91905962381300232,0,0,0
08/17/2022 00:00:00,44.293794605705649,0,-2.5269064304088644,0.44931070051559613,0,0,0,0,0.93017599198221246,0,0,0
08/18/2022 00:00:00,42.170069138066978,0,-2.597430470882685,0.47370500324401416,0,0,0,0,0.94767480284719752,0,0,0
08/19/2022 00:00:00,40.180529895333017,0,-2.4474854483675728,0.45794620563361371,0,0,0,0,0.9520855476889768,0,0,0
08/20/2022 00:00:00,38.23470634551834,0,-2.407938148725016,0.4621145989103404,0,0,0,0,0.95470377297798514,0,0,0
08/21/2022 00:00:00,36.345326278881046,0,-2.3525433873728989,0.46316332073560418,0,0,0,0,0.95162509373762316,0,0,0
08/22/2022 00:00:00,34.500248410102827,0,-2.3121502918991226,0.46707242312090697,0,0,0,0,0.95600380919380445,0,0,0
08/23/2022 00:00:00,32.688079934040594,0,-2.2861975281675058,0.47402905210527363,0,0,0,0,0.94770377316089016,0,0,0
08/24/2022 00:00:00,30.845401248445565,0,-2.3414513510701198,0.49877266547509114,0,0,0,0,0.94741988866690929,0,0,0
08/25/2022 00:00:00,28.957518042603141,0,-2.4178884816279762,0.53000527578555057,0,0,0,0,0.94808793033582595,0,0,0
08/26/2022 00:00:00,27.020402363467728,0,-2.5027314539053194,0.56561577476990499,0,0,0,0,0.95996541752836839,0,0,0
08/27/2022 00:00:00,25.195776673891771,0,-2.3794966584120267,0.55487096883606857,0,0,0,0,0.9605063085669322,0,0,0
08/28/2022 00:00:00,23.527605449269647,0,-2.1960330267951171,0.52786180217299128,0,0,0,0,0.95100083496080323,0,0,0
08/29/2022 00:00:00,21.919555635998936,0,-2.1372640493381283,0.52921423606741902,0,0,0,0,0.94639542052879455,0,0,0
08/30/2022 00:00:00,20.342249776717114,0,-2.1177062057028166,0.54040034642099366,0,0,0,0,0.95609168006433298,0,0,0
08/31/2022 00:00:00,18.858493865698591,0,-2.0132517145714033,0.52949580355288128,0,0,0,0,0.95464480492854586,0,0,0
09/01/2022 00:00:00,17.431233746732783,0,-1.9578708471143713,0.5306107281485628,0,0,0,0,0.95049733783824697,0,0,0
09/02/2022 00:00:00,15.99195042586496,0,-1.9976655123160469,0.55838219144822443,0,0,0,0,0.95062642426994393,0,0,0
09/03/2022 00:00:00,14.619176460690271,0,-1.9294833338307598,0.5567093686560699,0,0,0,0,0.9493683823367487,0,0,0
09/04/2022 00:00:00,13.35780743480167,0,-1.7959373156911624,0.53456828980256099,0,0,0,0,0.95295714525427477,0,0,0
09/05/2022 00:00:00,12.146599771478558,0,-1.7475658293993632,0.53635816607625186,0,0,0,0,0.96546095797129228,0,0,0
09/06/2022 00:00:00,10.991138345239822,0,-1.6905108535069573,0.5350494272682218,0,0,0,0,0.95784048686083068,0,0,0
09/07/2022 00:00:00,9.9078796411042962,0,-1.6079386486782994,0.524679944542773,0,0,0,0,0.94732912893027899,0,0,0
09/08/2022 00:00:00,8.8783123376013275,0,-1.5512897419769587,0.52172243847398936,0,0,0,0,0.93915756696572783,0,0,0
09/09/2022 00:00:00,7.9207915813414633,0,-1.4652046782008412,0.50768392194097722,0,0,0,0,0.93330237869652688,0,0,0
09/10/2022 00:00:00,7.0443799622191481,0,-1.3622424212929758,0.48583080217066033,0,0,0,0,0.92789734976643401,0,0,0
09/11/2022 00:00:00,6.1737719731590079,0,-1.3755545649338785,0.50494657587373859,0,0,0,0,0.9245961035873157,0,0,0
09/12/2022 00:00:00,5.3147511607722935,0,-1.3816817680227373,0.52266095563602277,0,0,0,0,0.91406102110640597,0,0,0
09/13/2022 00:00:00,4.4565599237443196,0,-1.4077067464302289,0.54951550940225502,0,0,0,0,0.91055069580692316,0,0,0
09/14/2022 00:00:00,3.6282265956403812,0,-1.3882372465522081,0.55990391844826959,0,0,0,0,0.90940173417156389,0,0,0
09/15/2022 00:00:00,2.8515591098869097,0,-1.331801657428457,0.55513417167498569,0,0,0,0,0.89870873307688992,0,0,0
09/16/2022 00:00:00,2.0838410625157682,0,-1.3495378445656883,0.5818197971945468,0,0,0,0,0.88947291578375121,0,0,0
09/17/2022 00:00:00,1.3576669259678136,0,-1.3116794095798241,0.58550527303186961,0,0,0,0,0.87534775251216668,0,0,0
09/18/2022 00:00:00,0.72059256136025951,0,-1.1836126882476208,0.54653832364006671,0,0,0,0,0.88236914030926661,0,0,0
09/19/2022 00:00:00,0.16446081878835395,0,-1.0625221466888206,0.50639040411691505,0,0,0,0,0.88550088783232317,0,0,0
09/20/2022 00:00:00,-0.36094752021111276,0,-1.0330288672601853,0.50762052826071857,0,0,0,0,0.88226067253199969,0,0,0
09/21/2022 00:00:00,-0.85457278110917889,0,-1.0007009678814995,0.50707570698343341,0,0,0,0,0.87366102785418087,0,0,0
09/22/2022 00:00:00,-1.331289604727786,0,-0.99904632456085096,0.52232950094224373,0,0,0,0,0.86423745921570938,0,0,0
09/23/2022 00:00:00,-1.7847495516410326,0,-0.98564362659385552,0.53218367968060909,0,0,0,0,0.85637144636356277,0,0,0
09/24/2022 00:00:00,-2.236285933497737,0,-1.0227782441800741,0.57124186232336971,0,0,0,0,0.8530924499360456,0,0,0
09/25/2022 00:00:00,-2.6445985845136937,0,-0.96834728644594747,0.56003463542999077,0,0,0,0,0.85582093034231521,0,0,0
09/26/2022 00:00:00,-3.0082595389016715,0,-0.90559191384055282,0.54193095945257486,0,0,0,0,0.85146978012054797,0,0,0
09/27/2022 00:00:00,-3.3478105251912771,0,-0.89159059949493269,0.55203961320532713,0,0,0,0,0.84995945936183637,0,0,0
09/28/2022 00:00:00,-3.6445498644126602,0,-0.82534377762432598,0.52860443840294302,0,0,0,0,0.84387903569650924,0,0,0
09/29/2022 00:00:00,-3.9099210404994502,0,-0.78498662134393271,0.51961544525714254,0,0,0,0,0.83481875338500944,0,0,0
09/30/2022 00:00:00,-4.1661804528016413,0,-0.81317909976554859,0.55691968746335696,0,0,0,0,0.8259372921677457,0,0,0
10/01/2022 00:00:00,-4.3960845806215447,0,-0.79190914735553974,0.56200501953563631,0,0,0,0,0.8196032586566907,0,0,0
10/02/2022 00:00:00,-4.5820971867523923,0,-0.70079056623768565,0.51477796010683796,0,0,0,0,0.80839374415235477,0,0,0
10/03/2022 00:00:00,-4.7501387971883098,0,-0.6993519254578473,0.53131031502192982,0,0,0,0,0.8030998084521751,0,0,0
10/04/2022 00:00:00,-4.9007749334027046,0,-0.70703899978232698,0.55640286356793167,0,0,0,0,0.81115136600068261,0,0,0
10/05/2022 00:00:00,-5.0259650068080015,0,-0.68027922239295435,0.55508914898765738,0,0,0,0,0.80639076306418178,0,0,0
10/06/2022 00:00:00,-5.1203401604435017,0,-0.60935925774019495,0.51498410410469475,0,0,0,0,0.79559849914341629,0,0,0
10/07/2022 00:00:00,-5.1913666981313247,0,-0.56221291717436372,0.49118637948654104,0,0,0,0,0.78642798801155211,0,0,0
10/08/2022 00:00:00,-5.2469308335834475,0,-0.57589748378934758,0.52033334833722489,0,0,0,0,0.78858581797619054,0,0,0
10/09/2022 00:00:00,-5.2818485262367521,0,-0.53663730437314427,0.50171961171984003,0,0,0,0,0.81100064254954951,0,0,0
10/10/2022 00:00:00,-5.2981145878303257,0,-0.47256517948881083,0.45629911789523742,0,0,0,0,0.80853982218732656,0,0,0
10/11/2022 00:00:00,-5.2990034387180023,0,-0.5289651998440803,0.52807634895640343,0,0,0,0,0.81337825798378249,0,0,0
10/12/2022 00:00:00,-5.2771524067157083,0,-0.58104822477402251,0.60289925677631651,0,0,0,0,0.81405302302465188,0,0,0
10/13/2022 00:00:00,-5.2340517530233477,0,-0.53442586801114089,0.57752652170350116,0,0,0,0,0.81127765973565535,0,0,0
10/14/2022 00:00:00,-5.1693759904556433,0,-0.51718602587956752,0.5818617884472721,0,0,0,0,0.81412668647145781,0,0,0
10/15/2022 00:00:00,-5.0881076965083682,0,-0.47562445272556886,0.55689274667284372,0,12.626537591024045,5.7393352686472925,0,0.80741420180788381,0,0,0.007480148738676611
10/16/2022 00:00:00,172.18697537943996,0.41387515593107693,-0.41273446255240742,0.50169269443179643,222,13.040412746955122,5.9274603395250551,44.399999999999991,0.7939268565113452,0,0,0.0082827725370598557
10/17/2022 00:00:00,171.82341255911567,0.47781234586137167,-0.436060674967095,0.55031020050417412,0,13.518225092816493,6.1446477694620416,0,0.77935465676030946,0,0,0.0092801125934359376
10/18/2022 00:00:00,171.41805547705613,0.55428023185883468,-0.4708272266759792,0.6197503764752671,0,14.072505324675328,6.3965933293978754,0,0.77817867241088801,0,0,0.010535911580450429
10/19/2022 00:00:00,171.0541310904762,0.51953684718651694,-0.41539454189103253,0.57100700249761827,0,14.592042171861845,6.6327464417553834,0,0.80037922975238995,0,0,0.011813427451810733
10/20/2022 00:00:00,170.71062322668371,0.50150501294589489,-0.36645991880232032,0.52445706795572289,0,15.09354718480774,6.8607032658216989,0,0.79017308369587103,0,0,0.013142509054313521
10/21/2022 00:00:00,170.32708618624758,0.57207979951130561,-0.38422758153282643,0.57277034060800591,0,15.665626984319045,7.1207395383268377,0,0.78046273665742427,0,0,0.014778114588971573
10/22/2022 00:00:00,169.93530574556567,0.59428420981254781,-0.36425370948113311,0.56675747861177739,0,16.259911194131593,7.3908687246052693,0,0.77098436489371036,0,0,0.016617236007859987
10/23/2022 00:00:00,169.56469561278558,0.5720747053305999,-0.32393784162557893,0.52540241417610134,0,16.831985899462193,7.6509026815737231,0,0.7716557373370978,0,0,0.018527519608542844
10/24/2022 00:00:00,169.16892755107841,0.6130928332154113,-0.31529263424231146,0.53261740575052585,0,17.445078732677604,7.9295812421261838,0,0.75445976630793732,0,0,0.020732654700396126
10/25/2022 00:00:00,168.71966301927628,0.69975148614706839,-0.32789748134382535,0.57838443568878461,0,18.144830218824673,8.247650099465762,0,0.7387650964012582,0,0,0.023456287815060737
10/26/2022 00:00:00,168.26552206763975,0.71666965210965827,-0.31037348455802771,0.57290218503114054,0,18.861499870934331,8.5734090322428766,0,0.74332372421844561,0,0,0.026482538228495538
10/27/2022 00:00:00,167.80759367200676,0.72897653797107154,-0.29097136299053261,0.56201950532861833,0,19.590476408905403,8.9047620040479085,0,0.74553233876809888,0,0,0.029815193620016819
10/28/2022 00:00:00,167.33524298809854,0.74973193892820333,-0.27179971193767472,0.54918096695765972,0,20.340208347833606,9.2455492490152764,0,0.73503361979792126,0,0,0.033519174007474409
10/29/2022 00:00:00,166.83775907175914,0.79108780697129077,-0.26342126644294694,0.55702515707484201,0,21.131296154804897,9.6051346158204058,0,0.73177604489102088,0,0,0.037740694709690902
10/30/2022 00:00:00,166.31436077030475,0.83210963490821399,-0.25392242079551863,0.56263375424933104,0,21.963405789713111,9.9833662680514141,0,0.72823634294010653,0,0,0.042538056170729324
10/31/2022 00:00:00,165.76974865963456,0.85714986600379817,-0.23628351985958318,0.54882127519318957,0,22.820555655716909,10.372979843507684,0,0.71569082997011946,0,0,0.047872301326788068
11/01/2022 00:00:00,165.16834114460909,0.94108054116487949,-0.23619434543870454,0.57586737157812862,0,23.761636196881788,10.800743725855359,0,0.70539083325093876,0,0,0.054198211890063137
11/02/2022 00:00:00,164.60373885719582,1.0513049364326754,-0.30627186707731369,0.79297451609671243,0,24.812941133314464,11.278609606052029,0,0.88854012752238298,0,29.600000000000009,0.061857593174710609
11/03/2022 00:00:00,163.97905613214797,1.1464679893543313,-0.29257712079254361,0.81436238509902747,0,25.959409122668795,11.799731419394908,0,0.86824036739653243,0,0,0.070934492048967401
11/04/2022 00:00:00,163.33653917722108,1.1462398612373832,-0.25270351712218542,0.75642642343266819,0,27.105648983906178,12.320749538139172,0,0.85032612223174164,0,0,0.080772519228457546
11/05/2022 00:00:00,162.68656230279493,1.1254371965203838,-0.21545045265206397,0.69091077474629614,0,28.231086180426562,12.832311900193888,0,0.83268098420737824,0,0,0.091176245498559946
11/06/2022 00:00:00,162.05732933419335,1.0749940877550337,-0.18413620542563081,0.62989732457911429,0,29.306080268181596,13.32094557644618,0,0.83282269259584851,0,0,0.10179886524477177
11/07/2022 00:00:00,161.4583964411288,1.0013946941708944,-0.15299272934417729,0.55545453045050219,0,30.30747496235249,13.776124982887495,0,0.82093117746398736,0,0,0.11228930330532917
11/08/2022 00:00:00,160.79016336982673,1.1004914030141961,-0.15167208791733344,0.58393041962947001,0,31.407966365366686,14.276348347893949,0,0.8103345426502887,0,0,0.12446713142979857
11/09/2022 00:00:00,160.01664695861842,1.2723751413653837,-0.16031283762308135,0.65917156778014896,0,32.68034150673207,14.854700684878212,0,0.81160930545441889,0,0,0.13936997992168493
11/10/2022 00:00:00,159.20084401968901,1.3265683385180438,-0.14937948022785008,0.66014487981647874,0,34.006909845250114,15.457686293295506,0,0.80928925626964188,0,0,0.15580798419906072
11/11/2022 00:00:00,158.31721542390545,1.4186660789317287,-0.14203980712801467,0.67707729027618502,0,35.425575924181842,16.102534510991745,0,0.80338966607382944,0,0,0.17434493269785784
11/12/2022 00:00:00,157.41454220368101,1.4408907602350496,-0.12940329097754955,0.66762083098815195,0,36.866466684416892,16.757484856553134,0,0.81243506291170564,0,0,0.19410804752754227
11/13/2022 00:00:00,156.48526463625262,1.4467828758296193,-0.11283726906940217,0.63034257747065181,0,38.313249560246511,17.415113436475686,0,0.79669308828710106,0,0,0.21480859466445812
11/14/2022 00:00:00,155.48830182197528,1.5336251529225109,-0.10606177295748864,0.64272411160266496,0,39.846874713169022,18.112215778713193,0,0.79290271316975669,0,0,0.23757416070016396
11/15/2022 00:00:00,154.40679318575587,1.6310782963644002,-0.098023871293392517,0.6475935314383654,0,41.477953009533422,18.853615004333371,0,0.77746395247635136,0,0,0.26256956394004777
11/16/2022 00:00:00,153.19504862593979,1.7886671229264195,-0.092332763433446985,0.66925532654378872,0,43.266620132459842,19.666645514754475,0,0.75496590145299758,0,0,0.29071321608079465
11/17/2022 00:00:00,151.85602293210195,1.9302751861406691,-0.084316036331031796,0.67556552863386021,0,45.196895318600511,20.544043326636597,0,0.72941049963511384,0,0,0.32169259325879473
11/18/2022 00:00:00,150.5110730770499,1.9153328955315132,-0.07224125237995338,0.64262429285943179,0,47.112228214132024,21.414649188241828,0,0.7340754729986303,0,0,0.35278339393627572
11/19/2022 00:00:00,149.2195833861372,1.8151542527426585,-0.059045429030476271,0.58270999086042075,0,48.927382466874683,22.239719303124854,0,0.73820598035771601,0,0,0.38232778570201797
11/20/2022 00:00:00,147.88990833639889,1.8529458664867562,-0.052524933285297948,0.57579575003374284,0,50.780328333361439,23.0819674242552,0,0.74089827420012755,0,0,0.41234116652619601
11/21/2022 00:00:00,146.41209452471085,2.0464140175033023,-0.050229270485402822,0.61882947630067431,0,52.826742350864741,24.012155614029425,0,0.7408737988670786,0,0,0.44506895178754874
11/22/2022 00:00:00,144.71027774436445,2.3415745933921244,-0.048584841177998328,0.68834265422371599,0,55.168316944256865,25.07650770193494,0,0.73520272803443387,0,0,0.48167123016397978
11/23/2022 00:00:00,142.87964407697024,2.4742931727781468,-0.041018040479045226,0.68467754586297125,0,57.642610117035012,26.201186416834094,0,0.71706014687213337,0,0,0.51904087659479237
11/24/2022 00:00:00,141.07765487609615,2.649228420387395,-0.042927848759347853,0.8901670682726599,0,60.291838537422407,27.405381153373821,0,0.89240607643995229,0,29.600000000000009,0.55724803350529784
11/25/2022 00:00:00,139.10383762210111,2.844057972257545,-0.032117619667232589,0.90235833792975406,0,63.135896509679952,28.698134777127251,0,0.87388371583667057,0,0,0.5959138463066832
11/26/2022 00:00:00,136.95424946389164,3.0252505185320331,-0.021174456759439408,0.89683681708198415,0,66.161147028211985,30.073248649187263,0,0.84936131933975678,0,0,0.63417044834904401
11/27/2022 00:00:00,134.73059127019224,3.0527377839344609,-0.010641986586961139,0.83972157682203263,0,69.213884812146446,31.46085673279384,0,0.82948829729382234,0,0,0.66968279845356482
11/28/2022 00:00:00,132.5791585865569,2.9176871550562566,-0.0023613050973523286,0.76861577651826096,0,72.131571967202703,32.787078166910312,0,0.83992148938043243,0,0,0.70073545454820951
11/29/2022 00:00:00,130.31838522359703,3.0033171927835269,0.0040473426373637267,0.73849648718630434,0,75.13488915998623,34.15222234544828,0,0.81569587972648672,0,0,0.72984121567349436
11/30/2022 00:00:00,127.88369851883832,3.1926384531770395,0.010104530590936633,0.74784721782739338,0,78.327527613163269,35.603421642346937,0,0.80229343449113877,0,0,0.75776437425447074
12/01/2022 00:00:00,125.45436788395082,3.1432627168405247,0.014659688436395868,0.69927239351664172,0,81.470790330003794,37.032177422728992,0,0.79709449509781893,0,0,0.78242362881694749
12/02/2022 00:00:00,122.90787223376745,3.2491121920262884,0.018976369936453352,0.68364017190645276,0,84.719902522030083,38.509046600922758,0,0.78046005367516025,0,0,0.80520160169789146
12/03/2022 00:00:00,120.03635375888324,3.6218289994495905,0.024925050769553536,0.72538547379582474,0,88.341731521479673,40.15533250976349,0,0.75826499332494257,0,0,0.82765393483972916
12/04/2022 00:00:00,116.88960149437801,3.908550069217938,0.029911032714835528,0.73188677199787144,0,92.250281590697611,41.931946177589822,0,0.72765083017379928,0,0,0.84879390301728297
12/05/2022 00:00:00,113.63608911967208,4.2727813960519825,0.046748299481947697,0.97252072186411687,0,96.523062986749594,43.874119539431632,0,0.89624790528601861,0,29.600000000000009,0.86870436145870944
12/06/2022 00:00:00,110.315858788752,4.2912231862202361,0.051138580796191491,0.91985427450394541,0,100.81428617296983,45.82467553316809,0,0.88507008718350466,0,0,0.88581020946082634
12/07/2022 00:00:00,107.07105522453065,4.1379942907411618,0.052272620691269367,0.84091810582854809,0,104.95228046371099,47.70558202895954,0,0.88336697886887172,0,0,0.89996546457831639
12/08/2022 00:00:00,103.66330304209261,4.2908890181172978,0.056237855145425897,0.82689898053383182,0,109.24316948182829,49.655986128103763,0,0.86689956764434506,0,0,0.91258062834557785
12/09/2022 00:00:00,100.0167521803214,4.5445792885429483,0.061487701528008643,0.8365407252437379,0,113.78774877037124,51.721703986532376,0,0.85232175929364085,0,0,0.92400231460043858
12/10/2022 00:00:00,96.036492100168871,4.9020355562067977,0.067291692853601148,0.85448378320066976,0,118.68978432657804,53.949901966626371,0,0.82769675462107695,0,0,0.93444732357679139
12/11/2022 00:00:00,91.76344083859972,5.2112970182479614,0.072514935134947223,0.86573082154386038,0,123.901081344826,56.318673338557268,0,0.81080293792692537,0,0,0.94378157606528312
12/12/2022 00:00:00,87.413849418708722,5.2448938885586642,0.072695486796959585,0.82260698187071279,0,129.14597523338466,58.70271601517485,0,0.79718023150426776,0,0,0.95165994097616691
12/13/2022 00:00:00,82.960180980965234,5.3163684883045903,0.073044805240101596,0.78965524532099729,0,134.46234372168925,61.119247146222392,0,0.78288710214283874,0,0,0.9583712410846672
12/14/2022 00:00:00,78.440240957370037,5.3430867722553899,0.072244915666075826,0.75090183299412028,0,139.80543049394464,63.547922951793012,0,0.76795762706519444,0,0,0.96405310052020787
12/15/2022 00:00:00,73.629846113332007,5.6388351253879989,0.075050122341721703,0.75339015900824835,0,145.44426561933264,66.111029826969371,0,0.74708486900502469,0,0,0.96909966224790833
12/16/2022 00:00:00,68.47907923383444,6.0246972527108369,0.081539784666134096,0.79239058854712896,0,151.46896287204348,68.849528578201571,0,0.74997698437137039,0,0,0.97360956043041424
12/17/2022 00:00:00,63.079471076212201,6.3127906764520674,0.087612769051290229,0.82556974977853226,0,157.78175354849554,71.718978885679789,0,0.76397630967214836,0,0,0.97754038100682716
12/18/2022 00:00:00,57.696103247394646,6.2790808851328279,0.088151377863198377,0.80756167845206783,0,164.06083443362837,74.573106560740172,0,0.77929845319494839,0,0,0.98079588541665819
12/19/2022 00:00:00,52.242649621668789,6.3115357980029216,0.086350440061337963,0.771731732215724,0,170.37237023163129,77.441986468923304,0,0.76474187702584384,0,0,0.9835337694530959
12/20/2022 00:00:00,46.574365937416474,6.52714715414956,0.088154192086150829,0.77070927781110032,0,176.89951738578085,80.408871538991292,0,0.75558145777383423,0,0,0.98590568331053419
12/21/2022 00:00:00,40.86511250726079,6.5579290946004107,0.088677658862536646,0.75999800558219421,0,183.45744648038126,83.389748400173289,0,0.76316535645468409,0,0,0.98790423312728814
12/22/2022 00:00:00,35.019182486067592,6.6678738871661665,0.087260259690168596,0.73468360628280527,0,190.12532036754743,86.420600167066993,0,0.743113331197784,0,0,0.98961278485726301
12/23/2022 00:00:00,206.59059500024188,6.822935703907774,0.085521420651730296,0.70882679743030319,222,196.94825607145521,89.521934577934175,44.399999999999991,0.71474476358022032,0,0,0.99108401175198224
12/24/2022 00:00:00,200.58944087782734,7.0079769407983861,0.10994349814501447,0.89687932023884054,0,203.95623301225359,92.707378641933445,0,0.88981401296423268,0,29.600000000000009,0.99235555172209444
12/25/2022 00:00:00,194.15366397530181,7.471172913895856,0.11470631347367544,0.92068969789666066,0,211.42740592614945,96.103366330067914,0,0.86726970226587641,0,0,0.99349203269878905
12/26/2022 00:00:00,187.30601552839889,7.9086990867739928,0.1191031286758033,0.94194751119526454,0,219.33610501292344,99.698229551328822,0,0.84810421466959984,0,0,0.9944941047577035
12/27/2022 00:00:00,180.40146800808921,7.924898206051239,0.11586332342893968,0.90448736231259508,0,227.26100321897468,103.30045600862485,0,0.83339413760082814,0,0,0.99532960624467937
12/28/2022 00:00:00,173.59786858496949,7.7635489534757767,0.11006672283453156,0.84988280752150447,0,235.02455217245046,106.82934189656838,0,0.82226478051984486,0,0,0.99601461298532679
12/29/2022 00:00:00,166.92155484967236,7.5806821768083523,0.10453522465999754,0.7998332168512382,0,242.60523434925881,110.27510652239036,0,0.8130924369745266,0,0,0.99657869352747031
12/30/2022 00:00:00,159.88422794196163,7.9908868530349082,0.11100800503027131,0.84255194029391134,0,250.59612120229372,113.90732781922439,0,0.81621897863877135,0,0,0.99708073203238723
12/31/2022 00:00:00,152.52212887803566,8.3312153074079447,0.11354956853379861,0.85556667494817273,0,258.92733650970166,117.6942438680462,0,0.80048866648846617,0,0,0.99752059771404167
01/01/2023 00:00:00,144.55228768184176,8.9884045891355981,0.12003370791870793,0.89852968502299779,0,267.91574109883726,121.77988231765329,0,0.77536925870587481,0,0,0.99791665238874427
01/02/2023 00:00:00,136.2562137765629,9.3169397688372442,0.12091273375395417,0.89995312980442621,0,277.2326808676745,126.01485493985203,0,0.75234141671805677,0,0,0.99825696738262193
01/03/2023 00:00:00,128.30678942342814,8.8710026674023084,0.10959375471880151,0.81198455954876025,0,286.10368353507681,130.04712887958036,0,0.73316307483479337,0,0,0.99852674629015303
01/04/2023 00:00:00,120.54973244301897,8.6029941054435994,0.10090592654560737,0.74503119848882804,0,294.70667764052041,133.9575807456911,0,0.70580882943113754,0,0,0.9987467999232652
01/05/2023 00:00:00,112.60401022971573,9.0895759980767252,0.13681907349641165,1.0070347112770583,0,303.79625363859714,138.08920619936234,0,0.88973846903829634,0,29.600000000000009,0.99894248978334221
01/06/2023 00:00:00,104.50017429238198,9.2470952683115115,0.13707452904519357,1.0061848019325952,0,313.04334890690865,142.29243132132208,0,0.8773087569672503,0,0,0.99910940461134146
01/07/2023 00:00:00,96.577478875767099,8.988648717888907,0.12800340626139928,0.93794989501262016,0,322.03199762479755,146.37818073854436,0,0.85535198576303706,0,0,0.99924586309316676
01/08/2023 00:00:00,88.81613819883836,8.7483287797178946,0.11861684504553693,0.86837125774359636,0,330.78032640451545,150.35469382023425,0,0.82501715828491351,0,0,0.99935830833895622
01/09/2023 00:00:00,80.773817537064645,9.0346584999523429,0.11928811019011221,0.87304972798855496,0,339.81498490446779,154.46135677475806,0,0.79873671434860138,0,0,0.99945676275263406
01/10/2023 00:00:00,72.624322170192272,9.1512957841499656,0.12039371953069633,0.88140669774692526,0,348.96628068861776,158.62103667664442,0,0.79319879472249677,0,0,0.99954111833060866
01/11/2023 00:00:00,64.862848119710236,8.6937602092498878,0.11196004963665018,0.82032610913119963,0,357.66004089786765,162.57274586266712,0,0.78691692221017262,0,0,0.99960919241859014
01/12/2023 00:00:00,56.948993819820998,8.8477680594745038,0.11203294497494198,0.82188081461031059,0,366.50780895734215,166.5944586169737,0,0.76854054976556907,0,0,0.99966827358544608
01/13/2023 00:00:00,49.176743036318953,8.6599237394784154,0.10633365037226383,0.78133930560408626,0,375.16773269682056,170.5307875894639,0,0.74671794765399724,0,0,0.99971763621693721
01/14/2023 00:00:00,41.423858041512972,8.6067038893225458,0.10210565348899081,0.75171324102757686,0,383.77443658614311,174.44292572097413,0,0.71807119126313168,0,0,0.99975963027460324
01/15/2023 00:00:00,33.536518290778019,9.0360208768714756,0.13704856576940472,1.0116325603670773,0,392.81045746301459,178.55020793773389,0,0.89145146204563974,0,29.600000000000009,0.99979725970868039
01/16/2023 00:00:00,202.87889245975197,9.4410757201003435,0.14074979597343429,1.0427000931008368,222,402.25153318311493,182.84160599232496,44.399999999999991,0.86077648225932768,0,0,0.99983057015694443
01/17/2023 00:00:00,194.78112872159477,9.2490103242853934,0.13641991687528332,1.0148266692529069,0,411.50054350740032,187.04570159427288,0,0.84989870431643344,0,0,0.99985815861970506
01/18/2023 00:00:00,187.14357951865725,8.7237749243999474,0.12820942717284822,0.95801629428954194,0,420.22431843180027,191.01105383263643,0,0.85260189265357089,0,0,0.99988029101281051
01/19/2023 00:00:00,179.38349701321386,8.8616574110387774,0.12947104744063154,0.97210385815477562,0,429.08597584283905,195.03907992856318,0,0.83462946032449215,0,0,0.99989947192853179
01/20/2023 00:00:00,171.71369745345839,8.7359611908863144,0.12473870655372821,0.94142292457715249,0,437.82193703372536,199.00997137896607,0,0.80929204692099643,0,0,0.99991558850841278
01/21/2023 00:00:00,164.38083694663101,8.3365458625315796,0.11688157434818436,0.88680378135596249,0,446.15848289625694,202.7993104073895,0,0.79422481907285147,0,0,0.99992874562028478
01/22/2023 00:00:00,157.0060997579422,8.4083288574652784,0.11977659774231597,0.9138150710341526,0,454.56681175372222,206.62127806987371,0,0.79125222075169244,0,0,0.9999401196887604
01/23/2023 00:00:00,149.79055292619404,8.2111350627802153,0.11478004426788857,0.88080818676418071,0,462.77794681650244,210.35361218931928,0,0.76794173670475063,0,0,0.99994963648311375
01/24/2023 00:00:00,142.75138291469784,7.9892953713765564,0.10897209200462044,0.84115326787573741,0,470.76724218787899,213.98511008539953,0,0.74010417816789631,0,0,0.99995758808791968
01/25/2023 00:00:00,135.50682735850933,8.2212860507153209,0.11142380383904538,0.86530669068777089,0,478.98852823859431,217.72205829027013,0,0.71098283627423908,0,0,0.9999646014242366
01/26/2023 00:00:00,128.26717941675145,8.2498167735319043,0.11457579236824245,0.89559303940580171,0,487.23834501212622,221.47197500551192,0,0.70882094390844119,0,0,0.99997060480702271
01/27/2023 00:00:00,121.8369831072057,7.630427681031108,0.13522635926551629,1.06500501221983,0,494.86877269315733,224.94035122416238,0,0.89611844969172694,0,29.600000000000009,0.99997535606814647
01/28/2023 00:00:00,115.72036055598846,7.2362761700250644,0.1252305689183828,0.99442304988943864,0,502.10504886318239,228.2295676650829,0,0.87057797472106457,0,0,0.99997924058281851
01/29/2023 00:00:00,109.49987002497392,7.366723246421202,0.12725756958313639,1.0189751458235079,0,509.47177210960359,231.57807823163799,0,0.8434834468833764,0,0,0.99998265009701615
01/30/2023 00:00:00,103.35435053548912,7.2750516400460015,0.12444173757877763,1.0050904129824636,0,516.74682374964959,234.88491988620436,0,0.81571324082572816,0,0,0.99998554318731381
01/31/2023 00:00:00,97.256531938115074,7.2134323205747251,0.12194822581705012,0.9936654973836172,0,523.96025607022432,238.16375275919285,0,0.78368628848633182,0,0,0.99998800372920815
02/01/2023 00:00:00,91.210093196144101,7.1918482076570172,0.12419053241281119,1.0212189332732393,0,531.15210427788134,241.43277467176421,0,0.77321337916617272,0,0,0.99999010211058126
02/02/2023 00:00:00,85.544438074070399,6.7279343140829724,0.11424037192530534,0.94803882008397589,0,537.88003859196431,244.49092663271102,0,0.75017289402496279,0,0,0.99999178332467686
02/03/2023 00:00:00,80.230284986352956,6.3010430408420461,0.10531127686770958,0.88157867625685682,0,544.18108163280635,247.35503710582108,0,0.72679457007208415,0,0,0.99999313995875705
02/04/2023 00:00:00,75.17690871417841,6.0226065542183278,0.10264542469023752,0.86658485735354052,0,550.20368818702468,250.09258553955667,0,0.72429461350104296,0,0,0.99999426190216012
02/05/2023 00:00:00,70.524914835334982,5.533140945482387,0.092636730767793551,0.78851033587121055,0,555.73682913250707,252.60764960568503,0,0.70260545948737929,0,0,0.99999515836046859
02/06/2023 00:00:00,66.426791921542588,5.154760716105443,0.11022216785345051,0.94641563445956289,0,560.89158984861251,254.95072265846022,0,0.87868657525770344,0,29.600000000000009,0.99999588969303455
02/07/2023 00:00:00,62.561534355699507,4.8629685348475959,0.10320095411891828,0.89451001488558768,0,565.75455838346011,257.16116290157277,0,0.85875415431142621,0,0,0.99999649677899449
02/08/2023 00:00:00,58.681393545752996,4.8939501737007731,0.10398752168458714,0.90982184206966399,0,570.64850855716088,259.38568570780041,0,0.83111903191307124,0,0,0.99999703425934428
02/09/2023 00:00:00,54.833691705781234,4.9147541236710595,0.10848346401961351,0.95856881967964847,0,575.56326268083194,261.61966485492354,0,0.82983525808616299,0,0,0.99999750692099232
02/10/2023 00:00:00,51.277117397469283,4.5559138877795249,0.10069443655268628,0.89864514291489639,0,580.11917656861146,263.69053480391432,0,0.81787580662971016,0,0,0.99999789073392187
02/11/2023 00:00:00,47.774952675850159,4.5190277313121214,0.10155529196821078,0.91530771772474673,0,584.63820429992359,265.744638318147,0,0.80152446292461121,0,0,0.99999822468810962
02/12/2023 00:00:00,44.389228885987166,4.4339596693897647,0.10372722598681605,0.94450865353996172,0,589.07216396931335,267.76007453150601,0,0.8040244703111924,0,0,0.99999851133668305
02/13/2023 00:00:00,41.379101113785168,3.948698890790638,0.092042918139242147,0.84652820044935095,0,593.02086286010399,269.55493766368363,0,0.79544339458799629,0,0,0.99999873554530783
02/14/2023 00:00:00,38.683232004590138,3.5673293253111069,0.084754212111775473,0.78670600400432888,0,596.5881921854151,271.17645099337051,0,0.80037583166871029,0,0,0.9999989151269012
02/15/2023 00:00:00,36.050508801660101,3.514405760326099,0.085052760199829436,0.79662979719620108,0,600.10259794574119,272.77390815715512,0,0.78834880927056794,0,0,0.99999907248011144
02/16/2023 00:00:00,33.47514847458109,3.4623063162380276,0.084852414361748174,0.8020935747972755,0,603.56490426197922,274.34768375544508,0,0.77037584036448581,0,0,0.99999921004741499
02/17/2023 00:00:00,30.920153476869302,3.456566618067427,0.085521895103426004,0.81604972525219011,0,607.02147088004665,275.9188504000212,0,0.74541316491330201,0,0,0.99398578830559714
02/18/2023 00:00:00,28.358852980620952,3.5026080723907853,0.088504473139863649,0.85280310300259177,0,610.52407895243743,277.51094497838062,0,0.72270404596266846,0,0,0.97346325514878473
02/19/2023 00:00:00,25.909987042724026,3.3915264095786597,0.087824884802600423,0.85483558687913563,0,613.91560536201609,279.0525478918255,0,0.71107274050423075,0,0,0.95266371596931587
02/20/2023 00:00:00,23.633536109616159,3.2447074633031434,0.089367974807117889,0.87888855538816613,0,617.16031282531924,280.52741492059965,0,0.72971328687539028,0,0,0.93181600182938495
02/21/2023 00:00:00,21.449680529497982,3.1806943140364865,0.091114291258350022,0.90572444265993735,0,620.34100713935572,281.97318506334352,0,0.72416812975882328,0,0,0.91037814442379461
02/22/2023 00:00:00,19.557507517779982,2.8189244897182562,0.083896242697747425,0.84285523530259732,0,623.15993162907398,283.25451437685177,0,0.74342924929340626,0,0,0.89045779827275717
02/23/2023 00:00:00,17.924148159181641,2.4562282340995125,0.073836419016956256,0.74903245648417582,0,625.61615986317349,284.37098175598788,0,0.74456509124833314,0,0,0.87231992565881389
02/24/2023 00:00:00,16.300130990950493,2.4966641329858703,0.077629518544696907,0.79501744621012382,0,628.11282399615936,285.50582908916329,0,0.73230256174127573,0,0,0.8530619852141289
02/25/2023 00:00:00,14.738924530703798,2.4429602190219839,0.077735971790573899,0.8040177869846783,0,630.55578421518135,286.61626555235512,0,0.71729945828167585,0,0,0.83333433890493935
02/26/2023 00:00:00,13.546702732067047,2.2589557135971745,0.093099533496697973,0.97363438146369852,0,632.81473992877852,287.64306360399019,0,0.89651437411233736,0,29.600000000000009,0.81423296708175608
02/27/2023 00:00:00,12.417250175943423,2.1873903460962083,0.091312159761216094,0.96662563021137249,0,635.00213027487473,288.63733194312488,0,0.87697751541669267,0,0,0.79486663297603177
02/28/2023 00:00:00,11.385866165475022,2.0648979076345313,0.088225551187193219,0.94528834597892697,0,637.06702818250926,289.57592190114053,0,0.87081733901250225,0,0,0.77571708619238622
03/01/2023 00:00:00,10.439111352739587,1.9712140448683613,0.086500476569682405,0.9379587555632688,0,639.03824222737762,290.47192828517166,0,0.8647405228617977,0,0,0.75656753940874077
03/02/2023 00:00:00,9.5673321099752684,1.8534587153969824,0.082001398444432994,0.89967807418830881,0,640.89170094277461,291.31440951944302,0,0.84740384467978946,0,0,0.73770704238786755
03/03/2023 00:00:00,8.7583442033535448,1.8291336007135897,0.084297631314385058,0.93584806277746246,0,642.72083454348819,292.14583388340372,0,0.84429916647969905,0,0,0.7181961834007573
03/04/2023 00:00:00,8.0314016991350172,1.6652566168476142,0.076713258718058341,0.86160085391094787,0,644.38609116033581,292.9027687092435,0,0.82652240304342939,0,0,0.6995765611821938
03/05/2023 00:00:00,7.3944995967434579,1.5095065724405003,0.070636318878342763,0.80196815117062881,0,645.89559773277631,293.58890806035288,0,0.82223550462505313,0,0,0.68192043817287062
03/06/2023 00:00:00,6.7990376423034604,1.5329481310579922,0.075134330591708931,0.8623518460262739,0,647.4285458638343,294.28570266537923,0,0.81965172226960892,0,0,0.6631562910729214
03/07/2023 00:00:00,6.2396191484881456,1.54758308224541,0.078353631487573239,0.90981095694256597,0,648.97612894607971,294.98914952094532,0,0.8035526754232869,0,0,0.64327207614223014
03/08/2023 00:00:00,5.7588565110130503,1.3970456866607037,0.071884823020027966,0.84439822616559668,0,650.37317463274042,295.62417028760927,0,0.79910228977051156,0,0,0.62442362286147213
03/09/2023 00:00:00,5.3476141079108857,1.2336980096087018,0.063896164830083535,0.75855944167637368,0,651.60687264234912,296.18494211015866,0,0.79174465398839711,0,0,0.60699633091434357
03/10/2023 00:00:00,4.9749142360807355,1.1706448672332499,0.06142680944405754,0.73651818595912777,0,652.77751750958237,296.71705341344654,0,0.7769520845833725,0,0,0.58971356384860074
03/11/2023 00:00:00,4.6438997292455042,1.1651280530384156,0.063618602640630684,0.77049494356249171,0,653.94264556262078,297.24665707391847,0,0.77361817065790761,0,0,0.57172021611604329
03/12/2023 00:00:00,4.3640956977438918,1.0878836704570176,0.061057897190792687,0.7470217417645385,0,655.0305292330778,297.74114965139893,0,0.77167388029252881,0,0,0.55413635554741303
03/13/2023 00:00:00,4.1370581159063704,1.0000839124894583,0.057883473994621681,0.71516285665728763,0,656.03061314556726,298.19573324798512,0,0.77528300911320625,0,0,0.53723898816536586
03/14/2023 00:00:00,3.953716881194282,0.96544907945803971,0.058039581463560808,0.72406826328231588,0,656.9960622250253,298.63457373864782,0,0.77690687160342187,0,0,0.52019709590193286
03/15/2023 00:00:00,3.8069033180755696,0.96336529653888192,0.060037585076344158,0.75651414834390918,0,657.95942752156418,299.07246705525642,0,0.77044828149085542,0,0,0.50240849175133906
03/16/2023 00:00:00,3.7131486264098612,0.9478844723499833,0.062193531908633304,0.79193624877558777,0,658.90731199391416,299.50332363359729,0,0.77627528959408953,0,0,0.48406587555543212
03/17/2023 00:00:00,3.6622291117930672,0.8602033324259537,0.058358384076996117,0.75092543373212817,0,659.76751532634012,299.89432514833635,0,0.783360814227957,0,0,0.46662653986818781
03/18/2023 00:00:00,3.6385713404621356,0.79750912134682039,0.055287550758237103,0.71856379925769043,0,660.56502444768694,300.25682929440313,0,0.7782513272879823,0,0,0.44971712874602543
03/19/2023 00:00:00,3.6413224698977729,0.77362918598680608,0.054964158486967563,0.72141615693550409,0,661.33865363367374,300.6084789243971,0,0.76826698362906276,0,0,0.43256684282155333
03/20/2023 00:00:00,3.6697712564905487,0.75838669281756665,0.055191891400724558,0.73164358800964924,0,662.09704032649131,300.95320014840513,0,0.75519968959206496,0,0,0.41497093851280731
03/21/2023 00:00:00,3.7247307806673007,0.73863258820153987,0.055146112760965593,0.73844599961733948,0,662.83567291469285,301.28894223395127,0,0.74320149328978358,0,0,0.39701372200059659
03/22/2023 00:00:00,3.8195935670172503,0.68834756018020471,0.053915778438934581,0.72929456809119009,0,663.52402047487305,301.60182748857864,0,0.75594813492060275,0,0,0.37947803639242828
03/23/2023 00:00:00,3.9186846039252714,0.62144177901961939,0.04915704383621744,0.67137577209141008,0,664.14546225389267,301.88430102449661,0,0.74552655705140647,0,0,0.36291789373361538
03/24/2023 00:00:00,4.0360919576504557,0.59142395123046754,0.04794573354584486,0.66088557140982396,0,664.73688620512314,302.15313009323779,0,0.73883158529537218,0,0,0.34645410099572649
03/25/2023 00:00:00,4.1836513888109721,0.58884848823640823,0.049379525891723119,0.68702839350516276,0,665.32573469335955,302.42078849698163,0,0.73182396017388629,0,0,0.3293158588113696
03/26/2023 00:00:00,4.3551213210859032,0.56575092003436112,0.048995987229815796,0.68822486507955971,0,665.89148561339391,302.67794800608812,0,0.72800174152333896,0,0,0.31208126670608882
03/27/2023 00:00:00,4.5634457950565093,0.55516056514773027,0.050282165309639026,0.71320287380868796,0,666.44664617854164,302.93029371751896,0,0.72948707110984368,0,0,0.29436492499618783
03/28/2023 00:00:00,4.8075393897125878,0.54081543972506552,0.051208767887985118,0.7337002664932406,0,666.98746161826671,303.17611891739398,0,0.73077569519827923,0,0,0.27626318360259072
03/29/2023 00:00:00,5.0541728702986575,0.48079187791790901,0.047022639494315399,0.68040271900965399,0,667.46825349618462,303.39466068008386,0,0.73934849243932965,0,0,0.2594019474408904
03/30/2023 00:00:00,5.3059749154814426,0.44515850500272336,0.044662376412361482,0.65229817377319366,0,667.91341200118734,303.59700545508514,0,0.73681189298885819,0,0,0.24308267958438734
03/31/2023 00:00:00,5.593808831452975,0.45010774352033422,0.046873976678739382,0.69106768281317299,0,668.36351974470767,303.80159988395803,0,0.72983813098521555,0,0,0.22582399999887548
04/01/2023 00:00:00,5.9091979259542313,0.44323748771785176,0.047746090965191001,0.7108804912538208,0,668.80675723242553,304.00307146928429,0,0.72196592059957132,0,0,0.20801130836805071
04/02/2023 00:00:00,6.2289007668808836,0.40664050029454302,0.045297150489531646,0.68104619073167028,0,669.21339773272007,304.18790806032723,0,0.72585048363944515,0,0,0.19088510992380958
04/03/2023 00:00:00,6.540265362594937,0.36992282626397355,0.042118719218052547,0.63916870276005677,0,669.58332055898404,304.35605479953819,0,0.72274199016691809,0,0,0.17458992954753749
04/04/2023 00:00:00,6.8723963633819949,0.35866913597772054,0.042344692609532331,0.64845544415527068,0,669.94198969496176,304.51908622498257,0,0.72184258574856874,0,0,0.15807796184918654
04/05/2023 00:00:00,7.2292924428156766,0.33940326243919117,0.042314985911531267,0.65398435596137228,0,670.28139295740095,304.6733604351823,0,0.73810920105314148,0,0,0.14174665025256827
04/06/2023 00:00:00,7.6020689067846661,0.30860609505646153,0.041054123470274817,0.6403284355552038,0,670.58999905245742,304.81363593293514,0,0.76818040972484836,0,0,0.12624635672391959
04/07/2023 00:00:00,7.9827041872641757,0.29123867183795937,0.040140081070873634,0.63173387124668468,0,670.88123772429537,304.94601714740702,0,0.77217337008467235,0,0,0.1109989817376964
04/08/2023 00:00:00,8.3545944281754601,0.26563890030195125,0.037776850216999946,0.59975229099619787,0,671.14687662459733,305.06676210208963,0,0.77677532201233523,0,0,0.0965224061188652
04/09/2023 00:00:00,8.7074685494749247,0.23938315368570784,0.034824158252703796,0.55743311673241447,0,671.38625977828303,305.17557262649223,0,0.77548116946133561,0,0,0.082973198488927369
04/10/2023 00:00:00,9.0831424865931467,0.23117483818646178,0.035413774065659709,0.57143500123902835,0,671.6174346164695,305.28065209839519,0,0.79301022076287697,0,0,0.069399903378758565
04/11/2023 00:00:00,9.4999986233201525,0.23369945950673809,0.037664407991258031,0.61289118824241251,0,671.85113407597623,305.38687912544367,0,0.80674316358921982,0,0,0.055152158822121877
04/12/2023 00:00:00,9.9529603585216364,0.23342485112698341,0.039404389043752985,0.64698219728470796,0,672.08455892710322,305.49298133050144,0,0.81601594606304839,0,0,0.040350402220172055
04/13/2023 00:00:00,10.397613696395183,0.21494147585201517,0.037544725037491844,0.622050088688058,0,672.29950040295523,305.59068200134323,0,0.82242643544843386,0,0,0.026174920104228283
04/14/2023 00:00:00,10.817994312933138,0.19233778773912036,0.034595827364668708,0.57812257691237046,0,672.49183819069435,305.6781082684974,0,0.82668603690775166,0,0,0.013011112157986782
04/15/2023 00:00:00,31.108091266524923,0.18392224658305167,19.904217445978162,0.56980175419670176,0,672.6757604372774,305.7617092896715,0,0.82285252034240808,0,0,0
04/16/2023 00:00:00,51.175384702499002,0,19.451097511035954,0.61619592493816455,0,0,0,0,0.81941434950063707,0,0,0
04/17/2023 00:00:00,70.74976899860269,0,18.905926633544873,0.66845766255879746,0,0,0,0,0.83352878896549509,0,0,0
04/18/2023 00:00:00,87.745909982898127,0,16.349120807323999,0.64702017697148206,0,0,0,0,0.85866233932523439,0,0,0
04/19/2023 00:00:00,101.6211569299237,0,13.290634950401888,0.58461199662367447,0,0,0,0,0.85459391179107669,0,0,0
04/20/2023 00:00:00,114.68124683685409,0,12.453366226511392,0.60672368041903113,0,0,0,0,0.85454424787982186,0,0,0
04/21/2023 00:00:00,127.41715585757942,0,12.080020450288671,0.65588857043667437,0,0,0,0,0.86206268844328315,0,0,0
04/22/2023 00:00:00,138.97887553856867,0,10.898948692521898,0.66277098846733884,0,0,0,0,0.87020812610455378,0,0,0
04/23/2023 00:00:00,149.23978672983662,0,9.6066442664348486,0.65426692483313498,0,0,0,0,0.86445629796985168,0,0,0
04/24/2023 00:00:00,158.55506600184196,0,8.6552113523224321,0.66006791968286571,0,0,0,0,0.85839761927421132,0,0,0
04/25/2023 00:00:00,166.76807588008251,0,7.5672033245628256,0.64580655367776096,0,0,0,0,0.8695176369687948,0,0,0
04/26/2023 00:00:00,174.45891393956327,0,7.0197839627049632,0.67105409677579586,0,0,0,0,0.87415090416167873,0,0,0
04/27/2023 00:00:00,181.51604348552434,0,6.3724391797700264,0.68469036619105639,0,0,0,0,0.87267359708966075,0,0,0
04/28/2023 00:00:00,187.79977094642055,0,5.6062534196267109,0.67747404126948385,0,0,0,0,0.88811632900711623,0,0,0
04/29/2023 00:00:00,193.48594110767431,0,5.0060515805875667,0.6801185806662261,0,0,0,0,0.90945298783474693,0,0,0
04/30/2023 00:00:00,198.45222860147254,0,4.3092028063250893,0.65708468747315452,0,0,0,0,0.9322141798252761,0,0,0
05/01/2023 00:00:00,202.70251674869365,0,3.6319836917395492,0.61830445548159185,0,3.5663852812833206,3.2625820906554819,0,0.94541680317093979,0,0,0.0077268377003277613
05/02/2023 00:00:00,206.24481872294234,0.1569801216408262,3.1114498427699715,0.58783225311951748,0,3.7233654029241467,3.4061898315639412,0,0.9460216000515318,0,0,0.0088535102913983778
05/03/2023 00:00:00,209.52126196065365,0.16414846375403425,2.8452642625225621,0.59532743894276263,0,3.887513866678181,3.556355278035225,0,0.95432412574166003,0,0,0.010146109031272272
05/04/2023 00:00:00,212.56212091464147,0.17386036486163903,2.6091901342085464,0.6055291846408748,0,4.06137423153982,3.7154053155197611,0,0.95644691326389097,0,0,0.01164903482455348
05/05/2023 00:00:00,215.49337987114279,0.19390461778086898,2.4833932295386205,0.64177034474359018,0,4.255278849320689,3.8927921325267043,0,0.95179528062810681,0,0,0.013495679110381364
05/06/2023 00:00:00,218.31182103082568,0.21296949363421902,2.3506176172080302,0.68079303610901076,0,4.468248342954908,4.0876197804068974,0,0.97153981101148246,0,0,0.015741472098079884
05/07/2023 00:00:00,220.80438782501858,0.21830653860527782,2.0455506880794445,0.66532264471874958,0,4.6865548815601858,4.2873298360939476,0,0.9756663890974222,0,0,0.018291936550201997
05/08/2023 00:00:00,223.06513166135727,0.22868903421679931,1.8241102258367334,0.66532264471874958,0,4.9152439157769852,4.4965379525811677,0,0.98329192911102759,0,0,0.021246712074845221
05/09/2023 00:00:00,225.12718569230475,0.2406912152073275,1.6342181329004148,0.66852711325439174,0,5.1559351309843127,4.7167258420486124,0,0.98145358594818055,0,0,0.024684100941818173
05/10/2023 00:00:00,226.985008362987,0.2499561448602261,1.4450127338243846,0.66276608171809881,0,5.4058912758445388,4.9453894264207445,0,0.99494151814814691,0,0,0.028625303118417697
05/11/2023 00:00:00,228.60963822653258,0.25082951534040632,1.2397837742150131,0.63567560467096851,0,5.6567207911849451,5.1748519830469686,0,1,0.92525802230525755,0,0.032976569328915344
05/12/2023 00:00:00,230.03923979546744,0.25133503562569182,1.0703044333013736,0.61063217125914693,0,5.9080558268106369,5.4047769971193604,0,1,0.82999999999998408,0,0.037749657619838055
05/13/2023 00:00:00,231.35154301648748,0.26204488672103388,0.96389770664468699,0.61045040109636151,0,6.1701007135316708,5.6444995416382309,0,1,0.080000000000012506,0,0.043180977614653344
05/14/2023 00:00:00,232.5195003644854,0.26364045037306116,0.84128740669113711,0.59031039167985788,0,6.4337411639047319,5.8856817314239587,0,0.99445945945945946,0,0,0.049127402111567402
05/15/2023 00:00:00,233.62598753734773,0.28310600116242313,0.78198599506843891,0.60760717895632832,0,6.7168471650671551,6.1446712954503235,0,1,1.0152299129326821,0,0.056064495084067724
05/16/2023 00:00:00,234.60882603859818,0.28359573504404523,0.68091446724636739,0.58551976904811809,0,7.0004429001112003,6.4041088752869131,0,0.99594594594594599,0,0,0.063597626041378322
05/17/2023 00:00:00,235.48119190822257,0.28183318843901528,0.59260272184242524,0.56159633622098715,0,7.2822760885502156,6.6619340513774192,0,1,1.614516193483098,0,0.071671339583261454
05/18/2023 00:00:00,236.29058794030868,0.29337805971737296,0.54002842541993346,0.5627456663835344,0,7.5756541482675885,6.9303206467484966,0,1,0.77000000000001023,0,0.0807030388613139
05/19/2023 00:00:00,237.05569530977783,0.3124070997009305,0.50190948314104844,0.57560498602899235,0,7.888061247968519,7.2161152898082381,0,1,0.35999999999998522,0,0.091025458864531908
05/20/2023 00:00:00,237.75264959846686,0.31939418170501099,0.44927933360634142,0.56706913678772342,0,8.20745542967353,7.508301818997638,0,1,0.72999999999998977,0,0.10232655376766453
05/21/2023 00:00:00,238.37488981205649,0.31784212267703538,0.39413614901651783,0.54594618725021327,0,8.5252975523505654,7.7990685015947765,0,1,0.61999999999997613,0,0.11431349130281014
05/22/2023 00:00:00,238.94519995599433,0.32512146509993478,0.35588963276799745,0.53954197626975264,0,8.8504190174505002,8.0964944344824943,0,0.99972972972972973,0,0,0.12732286702570092
05/23/2023 00:00:00,239.46047638538857,0.3259524902185067,0.31677038319695328,0.52445853641582818,0,9.1763715076690069,8.3946806014601663,0,1,1.4202089213079034,0,0.14110128985195633
05/24/2023 00:00:00,239.94703165259773,0.34589613925230367,0.29659483367085215,0.53585657279065146,0,9.5222676469213106,8.7111115140354194,0,1,1.3599999999999852,0,0.15649478477786891
05/25/2023 00:00:00,240.39952594184149,0.36166900703803684,0.27383746705066869,0.54032582923112549,0,9.8839366539593474,9.0419716797331802,0,1,2.3100000000000023,0,0.17339380000443058
05/26/2023 00:00:00,240.80211910789757,0.3570400720996556,0.24108705659826057,0.51854618155752352,0,10.240976726059003,9.3685972271724953,0,1,4.3799999999999955,0,0.19082629971341822
05/27/2023 00:00:00,241.16170781119212,0.35148630268693815,0.21319954124004425,0.49787546474148392,0,10.592463028745941,9.6901421040749902,0,1,2.6299999999999955,0,0.20865360235179842
05/28/2023 00:00:00,241.477767066713,0.33187729030487922,0.18391392200750545,0.46402262381826631,0,10.92434031905082,9.9937483659464892,0,1,2.4500000000000171,0,0.22603288568912869
05/29/2023 00:00:00,241.7674338786066,0.33284486135323199,0.16756161991264662,0.45495005333417665,0,11.257185180404052,10.298239776147412,0,1,4.3499999999999943,0,0.24393481970048292
05/30/2023 00:00:00,242.04043674768081,0.35546611957131269,0.16027427446462639,0.46819471418092345,0,11.612651299975365,10.623425448495983,0,1,3.6200000000000045,0,0.26350392956370955
05/31/2023 00:00:00,242.29986043155208,0.39240802511049466,0.15703094747766499,0.49480076150412489,0,12.00505932508586,10.982406123319286,0,1,3.3000000000000114,0,0.28555319911917826
06/01/2023 00:00:00,242.5408179370387,0.42408005024875095,0.15084289397192663,0.51419466176344386,0,12.429139375334611,11.370360835954255,0,1,5.0400000000000205,0,0.30978645791149012
06/02/2023 00:00:00,242.75417721228416,0.42853805362722497,0.13692433314055563,0.50497299573213195,0,12.857677428961836,11.762393796124345,0,1,0.50999999999999091,0,0.33456382119041855
06/03/2023 00:00:00,242.939359905841,0.41337397104171103,0.12029028355333082,0.47826638104523411,0,13.271051400003547,12.140554428892134,0,1,1.1299999999999955,0,0.35860938238964069
06/04/2023 00:00:00,243.10169195578828,0.39099147590711958,0.10510089365091346,0.44822263220350367,0,13.662042875910666,12.498239223518276,0,1,2.2299999999999898,0,0.3813730492148113
06/05/2023 00:00:00,243.24705192653681,0.37070001236016203,0.092946962558571045,0.42311302055010741,0,14.032742888270828,12.837361086677387,0,1,2.0800000000000125,0,0.40288323130364445
06/06/2023 00:00:00,243.37638141757861,0.40121686651525579,0.090652797387036799,0.43989356017002479,0,14.433959754786084,13.204400220119121,0,1,1.3599999999999852,0,0.42599359454231273
06/07/2023 00:00:00,243.48868112423321,0.42412897299005792,0.086816142986933187,0.44961253665768786,0,14.858088727776142,13.592399688002619,0,1,2.5500000000000114,0,0.45013309233287219
06/08/2023 00:00:00,243.58278926791888,0.4504578227578282,0.083378521359477986,0.4611874450840171,0,15.30854655053397,14.004485177710706,0,1,2.1899999999999693,0,0.47533827388303035
06/09/2023 00:00:00,243.66217201532169,0.43920519237139821,0.075158471196459686,0.44342946857774279,0,15.747751742905368,14.406276594435653,0,1,0.53000000000000114,0,0.499389572117175
06/10/2023 00:00:00,243.71871860044087,0.49740138075714668,0.075940260213599231,0.47800770566273043,0,16.245153123662515,14.861306746461636,0,1,0.64999999999997726,0,0.52590092240158925
06/11/2023 00:00:00,243.74906345491183,0.56341503046843044,0.076685003070792845,0.51707488186861705,0,16.808568154130946,15.376727163223496,0,0.99993243243243235,0,0,0.55488327525936665
06/12/2023 00:00:00,243.76356957982068,0.53931187162778826,0.067382603852777834,0.48643539268385594,0,17.347880025758734,15.870097653194103,0,1,1.2100197944305364,0,0.58148918181560827
06/13/2023 00:00:00,243.77124301882702,0.49871412387036784,0.058313681187925681,0.44807388168874207,0,17.846594149629102,16.326328722068105,0,1,0.81000000000000227,0,0.60504404686598723
06/14/2023 00:00:00,243.7659477669319,0.50007834848453214,0.054105389812818316,0.44067770677657231,0,18.346672498113634,16.78380780382988,0,1,0.46000000000000796,0,0.62761690885651977
06/15/2023 00:00:00,243.74162953687465,0.5245139263379528,0.051973064077159847,0.44822263220350367,0,18.871186424451587,17.263640914220527,0,1,0.11999999999997613,0,0.6501474398983591
06/16/2023 00:00:00,243.71251531951248,0.50295585249991603,0.046850045679576624,0.42699158945809462,0,19.374142276951503,17.723752379285266,0,1,1.460000000000008,0,0.67064658866305982
06/17/2023 00:00:00,243.67251138852413,0.50537726893670509,0.04388139483279474,0.42149194311553784,0,19.879519545888208,18.186078991979212,0,1,2.8499999999999943,0,0.69016276831327361
06/18/2023 00:00:00,243.62452292896683,0.50173726887064163,0.040864566917917955,0.41288424239540444,0,20.381256814758849,18.645075678686801,0,1,2.8499999999999943,0,0.70848386782882034
06/19/2023 00:00:00,243.58759401379177,0.45472612945483348,0.03604086301399434,0.38175635126579166,0,20.835982944213683,19.061065878595478,0,1,4.0200000000000102,0,0.72420217512019258
06/20/2023 00:00:00,243.55205143556049,0.43724158111740152,0.03329383033292288,0.36840517255318356,0,21.273224525331084,19.46106095465473,0,1,4.5400000000000205,0,0.7385440254332557
06/21/2023 00:00:00,243.50797043006605,0.44346528579264444,0.03184922580823013,0.3675350544899682,0,21.716689811123729,19.866749567953931,0,1,2.3799999999999955,0,0.75234147112439254
06/22/2023 00:00:00,243.44340962631406,0.47510805149246238,0.031504298302877487,0.37904294943756117,0,22.191797862616191,20.301385452097037,0,1,3.4399999999999977,0,0.76631738441547692
06/23/2023 00:00:00,243.36049130100002,0.50110092063940215,0.030870619686197642,0.3873119756391431,0,22.692898783255593,20.759799998015303,0,1,1.8600000000000136,0,0.78019219557598651
06/24/2023 00:00:00,243.27856892136208,0.48630218089149224,0.028743550839067211,0.37563625041446796,0,23.179200964147086,21.204676437571592,0,1,1.4399999999999977,0,0.79284695777625624
06/25/2023 00:00:00,243.1774333521289,0.51355818100672224,0.028253450541939173,0.38416916123160322,0,23.692759145153808,21.674487069825894,0,0.99952702702702712,0,0,0.80538852447916509
06/26/2023 00:00:00,243.04263080517518,0.56910557092386327,0.028657037799831642,0.40564598617032033,0,24.261864716077671,22.195113277300681,0,0.99959494289132333,0,0,0.81835496324733559
06/27/2023 00:00:00,242.8933835840586,0.5841053572715218,0.027631666941715594,0.40722646921326111,0,24.845970073349193,22.72946151154537,0,1,0.070092691687420938,0,0.83070793931626985
06/28/2023 00:00:00,242.73637719389575,0.58586583586488672,0.026269827005876323,0.40258961869612769,0,25.43183590921408,23.265420257688437,0,1,1.0200000000000102,0,0.84219156456833533
06/29/2023 00:00:00,242.58664636576111,0.56010634715910257,0.024277793112048585,0.38609772591241409,0,25.991942256373182,23.777813841941395,0,1,6.0600000000000023,0,0.85238005201948897
06/30/2023 00:00:00,242.44777349933025,0.53062834109802282,0.02243519652500936,0.36932027814211621,0,26.522570597471205,24.26324050953847,0,1,1.210000000000008,0,0.86136882444142338
07/01/2023 00:00:00,242.27550180043636,0.58176320756206579,0.022719513131420399,0.38677199553672165,0,27.104333805033271,24.795446110530438,0,1,0.34000000000000341,0,0.87053386878442607
07/02/2023 00:00:00,242.07152428519146,0.62883897767905239,0.022825899414726791,0.40203556301940208,0,27.733172782712323,25.370717323444239,0,0.99817567567567578,0,0,0.87968890708347225
07/03/2023 00:00:00,241.8493972061043,0.6504299794677415,0.022285402587584713,0.4060174977929325,0,28.383602762180065,25.965740304661018,0,1,0.44012215419400036,0,0.88840234130324536
07/04/2023 00:00:00,241.59305332984559,0.700207535709783,0.022371716335584324,0.42149194311553784,0,29.083810297889848,26.606300531773307,0,1,0.54999999999998295,0,0.89699697108417031
07/05/2023 00:00:00,241.31191222336111,0.73197481776326967,0.022014481600507452,0.42881922967824176,0,29.815785115653117,27.27592193913452,0,1,1.7000000000000171,0,0.9051895083591821
07/06/2023 00:00:00,241.03233187763442,0.71704859268787757,0.020720358271432815,0.41674788868976337,0,30.532833708340995,27.931888614667503,0,1,0.75999999999999091,0,0.91250367338079275
07/07/2023 00:00:00,240.76276162178453,0.68960414126246405,0.019335199536868686,0.40069868587576224,0,31.222437849603459,28.562748699452051,0,1,0.90000000000000568,0,0.9189360598684172
07/08/2023 00:00:00,240.53075186458199,0.61990528015910229,0.017396448782562857,0.37049907417399791,0,31.842343129762561,29.129847233523527,0,1,0.92000000000001592,0,0.92425958179200618
07/09/2023 00:00:00,240.31306775535063,0.59106533658737703,0.016351084858882814,0.35703014249711745,0,32.433408466349938,29.670562559957165,0,1,0.76000000000001933,0,0.92896484312145466
07/10/2023 00:00:00,240.08657101003774,0.59936104177603511,0.015962044737023007,0.35690225172614487,0,33.032769508125973,30.218866920396724,0,1,1.4799999999999898,0,0.93339617783115603
07/11/2023 00:00:00,239.86081042740409,0.59303964997472036,0.015382845632700537,0.35189622170837215,0,33.625809158100694,30.761388377966188,0,0.99837837837837851,0,0,0.93747023250508921
07/12/2023 00:00:00,239.56324147549179,0.69866405368444617,0.016433199271148169,0.3846619025010295,0,34.32447321178514,31.400536604855294,0,1,1.3800753648544344,0,0.94190625804062778
07/13/2023 00:00:00,239.21938986218015,0.76410298662578668,0.016829721044501866,0.40342165226964766,0,35.088576198410927,32.099549337064808,0,1,2.8400000000000034,0,0.94634738321405387
07/14/2023 00:00:00,238.85778804216005,0.78387287970814867,0.016532216763977203,0.40573884292410267,0,35.872449078119075,32.816647860353378,0,1,2.3199999999999932,0,0.95050069783931157
07/15/2023 00:00:00,238.48298871072205,0.79640839723276002,0.016148750832940095,0.40546031496182311,0,36.668857475351835,33.545214060784822,0,1,0.069999999999964757,0,0.95434424898099435
07/16/2023 00:00:00,238.12998309565046,0.75569630554917921,0.01510853659311806,0.38758215388448353,0,37.424553780901014,34.236536236602035,0,0.99993243243243246,0,0,0.95767519481605579
07/17/2023 00:00:00,237.77408859505272,0.75376487306024131,0.01464073054188475,0.38322964192062003,0,38.178318653961256,34.926091509364554,0,1,0.70000132701036932,0,0.96072049342323851
07/18/2023 00:00:00,237.35683046753906,0.83958997596975138,0.015244997638944824,0.40708685081714657,0,39.017908629931007,35.694160857751697,0,1,0.78999999999999204,0,0.96381827398255016
07/19/2023 00:00:00,236.90074610332738,0.89073030171586254,0.015388124877262044,0.41925781262695305,0,39.90863893164687,36.509014133765838,0,1,1.0799999999999841,0,0.96680000642169572
07/20/2023 00:00:00,236.46174806689248,0.85751862674376866,0.01454361537122395,0.40397697493762846,0,40.766157558390638,37.293484877490698,0,1,4.5200000000000102,0,0.96940501057330186
07/21/2023 00:00:00,235.99166034675233,0.89668970262265901,0.014562669727951061,0.41203931275450495,0,41.662847261013297,38.113789901741796,0,1,4.2199999999999989,0,0.97187966211960974
07/22/2023 00:00:00,235.45086116129835,0.99438521211664721,0.015209133457460666,0.43837689320518464,0,42.657232473129945,39.023468225418874,0,1,5.6400000000000148,0,0.9743578880841619
07/23/2023 00:00:00,234.89702335572247,1.0052296653926831,0.014869400498582763,0.43652245931823241,0,43.662462138522628,39.943067215611435,0,1,1.75,0,0.97661048098466763
07/24/2023 00:00:00,234.33843148969959,1.0041079873800243,0.01442925412590057,0.43108686723129636,0,44.666570125902652,40.861640078140574,0,1,3.089999999999975,0,0.97863586539484426
07/25/2023 00:00:00,233.78574393060779,0.98805554719682931,0.013876044989530101,0.42149194311553784,0,45.654625673099481,41.765527930576184,0,1,0.60999999999998522,0,0.98043425961544972
07/26/2023 00:00:00,233.26269196367662,0.93912118570553815,0.013063725827976214,0.40300549294635862,0,46.593746858805019,42.62464990416607,0,1,0.85999999999998522,0,0.98198405206427786
07/27/2023 00:00:00,232.64231034951968,1.0721492004690987,0.013976863615482671,0.4377907226966733,0,47.665896059274118,43.605467876447065,0,1,0.96000000000000796,0,0.98358403708483344
07/28/2023 00:00:00,231.94359959361799,1.1777871380016265,0.014597041332791605,0.46447934076720887,0,48.843683197275745,44.682924998989293,0,1,0.55000000000001137,0,0.98515725033054002
07/29/2023 00:00:00,231.24073811630399,1.1750967720759249,0.014173514552794586,0.45806178020907978,0,50.018779969351669,45.757920934925416,0,0.99587837837837834,0,0,0.98655754817692909
07/30/2023 00:00:00,230.51680832972221,1.1972007950719288,0.014000948065586272,0.45927006042455565,0,51.215980764423598,46.853137958565284,0,1,0.83004513847794215,0,0.98783152143031971
07/31/2023 00:00:00,229.76695392228373,1.2262542838797899,0.013897515559278872,0.46250236088203051,0,52.442235048303388,47.974933544188652,0,1,4.9699999999999704,0,0.98899612792560732
08/01/2023 00:00:00,228.90935369951774,1.3725207114819398,0.014810762733930005,0.50010972598203307,0,53.814755759785328,49.23053582469251,0,1,1.0800000000000125,0,0.99015245763481996
08/02/2023 00:00:00,227.97012071091018,1.4808046503079026,0.015352962322879193,0.52621869937747601,0,55.295560410093231,50.585197856640839,0,0.99716216216216225,0,0,0.99124870541715893
08/03/2023 00:00:00,227.00141703550639,1.5125461536182172,0.015197310955329613,0.52864516725910826,0,56.808106563711448,51.968897486061948,0,1,0.98002205352807437,0,0.99222875677616529
08/04/2023 00:00:00,226.08941616003892,1.4213201224585887,0.014042189770890445,0.49527705722025117,0,58.229426686170036,53.269142190681471,0,1,1.4499999999999886,0,0.99303873466299786
08/05/2023 00:00:00,225.28463554954715,1.2645366857615912,0.012524499876377604,0.44723157539346087,0,59.493963371931628,54.425959084693005,0,1,0.69999999999998863,0,0.99368066097915864
08/06/2023 00:00:00,224.45968388582753,1.286502344861951,0.012434863801615847,0.4491158173407474,0,60.780465716793579,55.602870489066717,0,1,0.090000000000003411,0,0.99426685115108793
08/07/2023 00:00:00,223.59401441298775,1.336582586705255,0.01254945944975816,0.45836365441574056,0,62.117048303498834,56.82559604060819,0,1,1.539999999999992,0,0.99481270009943068
08/08/2023 00:00:00,222.65569934047454,1.4303799811606197,0.012970151373167482,0.4790947572742778,0,63.547428284659453,58.13412883818846,0,1,4.8100000000000023,0,0.99533402444951724
08/09/2023 00:00:00,221.80361846431231,1.3072344358386303,0.011871792924694091,0.44328176675169345,0,64.854662720498084,59.330006266529729,0,1,3.0600000000000023,0,0.99576034031548999
08/10/2023 00:00:00,221.1169457677932,1.0841209538972976,0.010271323809092792,0.38717693356908212,0,65.938783674395381,60.321776176206143,0,0.99851351351351347,0,0,0.99608155648124908
08/11/2023 00:00:00,220.37204511687145,1.1575080784939331,0.010571864552815669,0.40203556301940208,0,67.096291752889314,61.380681714680222,0,0.99675680020147284,0,0,0.9963954050748236
08/12/2023 00:00:00,219.52849738157659,1.2844310814309239,0.011196592283795326,0.42968675385227556,0,68.380722834320238,62.555698296581852,0,0.99675688666502438,0,0,0.99671193922313817
08/13/2023 00:00:00,218.63253390795398,1.3503856072626661,0.011435673364644572,0.44298646027546446,0,69.731108441582904,63.791051055818428,0,1,3.0100289152894106,0,0.99701248004170395
08/14/2023 00:00:00,217.69963213182484,1.3957473636852882,0.011541503805091224,0.45130408375101383,0,71.126855805268193,65.067901421856448,0,1,3.5600000000000023,0,0.99729215871769605
08/15/2023 00:00:00,216.7949311597564,1.3546376316753452,0.011119799270034036,0.4388168603368971,0,72.481493436943538,66.307143996018709,0,1,2.4899999999999807,0,0.99753679391883543
08/16/2023 00:00:00,215.93126138834651,1.2975584940925984,0.010632468329959011,0.42325625435271153,0,73.779051931036136,67.494169729503426,0,1,0.15000000000000568,0,0.99774899933277095
08/17/2023 00:00:00,214.91982493326009,1.4897740033010365,0.011621126955446925,0.46671642125913804,0,75.268825934337173,68.857037058449194,0,1,1.539999999999992,0,0.99796881095202639
08/18/2023 00:00:00,213.85327290380815,1.5598055415505314,0.011875885568770173,0.48137762652979826,0,76.828631475887704,70.28397027608986,0,1,2.5200000000000102,0,0.99817468156554368
08/19/2023 00:00:00,212.83402173266666,1.4933721633386483,0.011314840429747619,0.46280615176737749,0,78.322003639226352,71.650129255144094,0,1,0.59000000000000341,0,0.99835117151656849
08/20/2023 00:00:00,211.79769911875064,1.5130993128194206,0.011281376724753045,0.46549532217862444,0,79.835102952045773,73.034334922797427,0,1,0.32999999999998408,0,0.99851175541954063
08/21/2023 00:00:00,210.74439796189421,1.5329014325248096,0.011252459781502466,0.46834781588681229,0,81.368004384570582,74.436655862921981,0,0.99655405405405395,0,0,0.99865780077757671
08/22/2023 00:00:00,209.67944182734402,1.5458724030811197,0.011189061284056834,0.46972720724691525,0,82.913876787651702,75.850842839073948,0,1,0.080005003508802019,0,0.9987900011356281
08/23/2023 00:00:00,208.57022153603009,1.6022855783872387,0.011375810519808738,0.48168947655354016,0,84.516162366038941,77.316637423746741,0,0.99128378378378379,0,0,0.99891282464911468
08/24/2023 00:00:00,207.37729671861234,1.7118064777783388,0.011868776715573404,0.50701288364501829,0,86.22796884381728,78.882623349714322,0,0.99054061481322686,0,0,0.99902989331053982
08/25/2023 00:00:00,206.08680220874191,1.8412922573260744,0.012486054179760231,0.53831169327587014,0,88.069261101143354,80.567064785120024,0,0.99067583226024158,0,0,0.99914144115923742
08/26/2023 00:00:00,204.71333829833071,1.9524970402165422,0.013003568324705839,0.5660295614805857,0,90.021758141359896,82.353238003392192,0,1,0.30003372737763812,0,0.99924548319545392
08/27/2023 00:00:00,203.36660748686012,1.9142597079007402,0.012625852255581549,0.55490304417459391,0,91.936017849260637,84.104431143582872,0,1,0.020000000000010232,0,0.99933507392200571
08/28/2023 00:00:00,202.07651219916318,1.8363246909710256,0.012042616111529014,0.53418678716256018,0,93.772342540231662,85.784328175693418,0,0.99006756756756753,0,0,0.99941092489546401
08/29/2023 00:00:00,200.77270284044215,1.8544905780487539,0.012034174404163878,0.53864704492357252,0,95.626833118280416,87.480843630426904,0,0.98493248840543612,0,0,0.99947872760437595
08/30/2023 00:00:00,199.45582150201795,1.8723254703186285,0.012031755769612573,0.5434123761248425,0,97.499158588599045,89.193674708829491,0,0.99412174325940827,0,0,0.99953929316063517
08/31/2023 00:00:00,198.16970228878944,1.8312336769653257,0.011705756213018503,0.53340870752380432,0,99.33039226556437,90.868914405905187,0,0.99222987568828813,0,0,0.99959177531912746
09/01/2023 00:00:00,196.8757059944237,1.8429911097841796,0.011688366955667107,0.53730644846282605,0,101.17338337534855,92.554909976707748,0,0.98750018200430234,0,0,0.99963864494016741
09/02/2023 00:00:00,195.50824822711547,1.9449833836298325,0.012188423301978446,0.56533719301968499,0,103.11836675897838,94.334209590620972,0,0.98702725731454866,0,0,0.99968239908751688
09/03/2023 00:00:00,194.14996702659437,1.9348718634063431,0.012060543945153768,0.56453011894004457,0,105.05323862238473,96.104259036033426,0,0.98513541192107301,0,0,0.99972080060551816
09/04/2023 00:00:00,192.86876114909251,1.8322872482535644,0.011427460523464106,0.53965391022824993,0,106.88552587063829,97.780462555732043,0,0.98810842954639244,0,0,0.99975300929111621
09/05/2023 00:00:00,191.60587130298268,1.8105086746540309,0.011260662467975635,0.53635816607625186,0,108.69603454529232,99.436742713656287,0,1,0.020051473579997037,0,0.99978131770224687
09/06/2023 00:00:00,190.35185361581006,1.8020534318483925,0.011175681707811691,0.53686006296795508,0,110.49808797714071,101.0852878901991,0,0.99195945945945951,0,0,0.99980640728055126
09/07/2023 00:00:00,189.11892787300707,1.7773448942048731,0.011010443878092246,0.53340870752380432,0,112.27543287134559,102.71122933045319,0,0.98087839701657664,0,0,0.99982846592764363
09/08/2023 00:00:00,187.89190617791439,1.7738467066204038,0.010968438737108954,0.53585657279065146,0,114.04927957796599,104.33397057687998,0,0.97195951930909319,0,0,0.99984810766232723
09/09/2023 00:00:00,186.70760952808564,1.7202428888352443,0.010663102127068669,0.52528313687939754,0,115.76952246680123,105.9076742566663,0,0.96540550869465713,0,0,0.99986513062718929
09/10/2023 00:00:00,185.5897923903122,1.6332324089134289,0.010174181052605036,0.50524109008738871,0,117.40275487571466,107.40177946037599,0,0.95918934312064286,0,0,0.99987963649060929
09/11/2023 00:00:00,184.42299405049766,1.701748456310014,0.010477292495977508,0.5244728239994545,0,119.10450333202468,108.95856415929666,0,0.9548650806365202,0,0,0.99989320775092261
09/12/2023 00:00:00,183.19802952281719,1.7779569304114347,0.010743271181695491,0.54224913154926202,0,120.88246026243611,110.58506549933969,0,0.94331108399218255,0,0,0.99990587511686702
09/13/2023 00:00:00,181.91354598194312,1.8649279776307139,0.011182070626603036,0.56926236613003012,0,122.74738824006683,112.29112924183892,0,0.93858142048047877,0,0,0.99991767713080471
09/14/2023 00:00:00,180.62311360376651,1.8809058057373278,0.011277024379438672,0.57919640318132415,0,124.62829404580415,114.01180973819862,0,0.93628417979042899,0,0,0.99992820728379095
09/15/2023 00:00:00,179.34267071062305,1.8647711339033748,0.011063171589540843,0.57326506917034514,0,126.49306517970753,115.71772999773243,0,0.9241220822716637,0,0,0.9999374355883488
09/16/2023 00:00:00,178.00314590525818,1.9506238733676327,0.011468455300189362,0.59963061270257401,0,128.44368905307516,117.5021896152206,0,0.91324377040962668,0,0,0.99994594157063688
09/17/2023 00:00:00,176.65122668537055,1.9652309441485727,0.011406687287205841,0.60190503697374909,0,130.40891999722373,119.30001199746023,0,0.89702763058302781,0,0,0.99995345882443243
09/18/2023 00:00:00,175.43761149763998,1.7845178249471019,0.010525916976064309,0.56037672024046492,0,132.19343782217084,120.93251534102293,0,0.90202769825803808,0,0,0.99995947172699429
09/19/2023 00:00:00,174.35548259193791,1.609990621205668,0.0096541816594992724,0.51820753384412688,0,133.8034284433765,122.40535861301481,0,0.90364936477833202,0,0,0.99996430245872592
09/20/2023 00:00:00,173.28883520185894,1.5946372973228335,0.009582071270273218,0.5184078359736396,0,135.39806574069934,123.864156436862,0,0.89878454286025045,0,0,0.99996858634446217
09/21/2023 00:00:00,172.2312605824082,1.5838303435243688,0.009477149889193015,0.5167785741844535,0,136.98189608422371,125.31306789927135,0,0.88851431223575617,0,0,0.99997239469800903
09/22/2023 00:00:00,171.1465691083506,1.6254888178467013,0.0096632941169048081,0.53113404967218769,0,138.60738490207041,126.80008915115332,0,0.87729813416733116,0,0,0.99997588469817267
09/23/2023 00:00:00,170.05438368095531,1.6415748589284362,0.009738905734650416,0.53965052579851391,0,140.24895976099884,128.30182615172856,0,0.86723060834379206,0,0,0.9999790205709429
09/24/2023 00:00:00,168.91003500298115,1.7322195434534251,0.010334859969276522,0.57753600551001016,0,141.98117930445227,129.88648625259151,0,0.86162253910109055,0,0,0.99998194839904708
09/25/2023 00:00:00,167.83202196308838,1.6527932794006119,0.010019341329410736,0.56476089817847175,0,143.63397258385288,131.39848603041358,0,0.8623658114897631,0,0,0.99998441392295467
09/26/2023 00:00:00,166.81668420353202,1.5697942353803001,0.0095857839023665292,0.54487069192157778,0,145.20376681923318,132.83455705315035,0,0.85567665245632907,0,0,0.99998648878646512
09/27/2023 00:00:00,165.81594601014967,1.5637108989566855,0.0096540555308024523,0.55331865004352787,0,146.76747771818987,134.2650629496033,0,0.85175776086734367,0,0,0.99998832243066504
09/28/2023 00:00:00,164.88269713713584,1.4705612848622991,0.0091404450137702042,0.5281719668346968,0,148.23803900305217,135.61035419908845,0,0.84324427174243821,0,0,0.99998985468535839
09/29/2023 00:00:00,163.98345092839696,1.4256959291009252,0.008886532598978647,0.51756318776306021,0,149.66373493215309,136.91460195645115,0,0.83175780674472433,0,0,0.99999117891369926
09/30/2023 00:00:00,163.03966918824005,1.5055005812891409,0.0094070518457556318,0.55231178928644964,0,151.16923551344223,138.29185619192677,0,0.81952810286217526,0,0,0.99999242088115869
10/01/2023 00:00:00,162.11701855819615,1.4871642637738489,0.0093766694908481441,0.5551369642391345,0,152.65639977721608,139.65233609249026,0,0.81013623156292602,0,0,0.99999350482483917
