Date,SoilMineralN,UptakeN,ResidueN,SoilOMN,FertiliserN,CropN,ProductN,LostN,RSWC,Drainage,Irrigation,Green cover,NDemand
9/03/2022 12:00:00 am,0,0.17964744887785855,0,0.7812984199537516,0,390.19590678959713,344.7313389050218,0,0.90000000000000002,0,0,0,390.19590678959713
10/03/2022 12:00:00 am,49.440014124596729,0,-1.5132599126656023,0.95327403726233151,0,0,0,0,0.86045454545454547,0,0,0,0
11/03/2022 12:00:00 am,48.96620640161386,0,-1.3267236651040246,0.85291594212115962,0,0,0,0,0.83046900826446279,0,0,0,0
12/03/2022 12:00:00 am,48.354627207014559,0,-1.7654210521699776,1.1538418575706781,0,0,0,0,0.77384612133734032,0,0,0,0
13/03/2022 12:00:00 am,47.930647445191553,0,-1.2695464062933466,0.84556664447034136,0,0,0,0,0.72577386228456608,0,0,0,0
14/03/2022 12:00:00 am,47.620058497127502,0,-0.8832029852061769,0.57261403714212378,0,0,0,0,0.68728585443614221,0,0,0,0
15/03/2022 12:00:00 am,47.352102520512275,0,-0.73474320380146096,0.46678722718623944,0,0,0,0,0.65812827273279062,0,0,0,0
16/03/2022 12:00:00 am,47.110701122184771,0,-0.77390031393453018,0.532498915607028,0,0,0,0,0.65824470537734359,0,0,0,0
17/03/2022 12:00:00 am,46.913978722028254,0,-0.68214530332383383,0.48542290316731962,0,0,0,0,0.65736220984132321,0,0,0,0
18/03/2022 12:00:00 am,46.743098863489742,0,-0.556136900792497,0.38525704225398022,0,0,0,0,0.63943414957292344,0,0,0,0
19/03/2022 12:00:00 am,46.585638819524654,0,-0.60056439440334231,0.44310435043825724,0,0,0,0,0.61908851754105765,0,0,0,0
20/03/2022 12:00:00 am,46.44319221545139,0,-0.62481581939455921,0.4823692153212944,0,0,0,0,0.59376216909619628,0,0,0,0
21/03/2022 12:00:00 am,46.320890726231134,0,-0.62899483222015817,0.5066933429999021,0,0,0,0,0.5703715381924066,0,0,0,0
22/03/2022 12:00:00 am,46.318845076035664,0,-0.68735012038764864,0.68530447019217655,0,0,0,0,0.6613030510186283,0,0,0,0
23/03/2022 12:00:00 am,46.396157067553318,0,-0.64275376374509641,0.72006575526274841,0,0,0,0,0.69268119585476606,0,0,0,0
24/03/2022 12:00:00 am,46.514042326738576,0,-0.64119322390861733,0.75907848309387593,0,0,0,0,0.66959182265960715,0,0,0,0
25/03/2022 12:00:00 am,46.632663561147361,0,-0.53737348439412358,0.6559947188029106,0,0,0,0,0.64017036378516989,0,0,0,0
26/03/2022 12:00:00 am,46.679012379480156,0,-0.33025960187394432,0.37660842020674279,0,0,0,0,0.61883135165899761,0,0,0,0
27/03/2022 12:00:00 am,46.78504611745381,0,-0.39969354216320774,0.5057272801368583,0,0,0,0,0.59726601667694168,0,0,0,0
28/03/2022 12:00:00 am,46.91474077622793,0,-0.39029628545228867,0.51999094422640402,0,0,0,0,0.57735714945437699,0,0,0,0
29/03/2022 12:00:00 am,47.058363332229362,0,-0.36564024065612344,0.50926279665755991,0,0,0,0,0.555487560459893,0,0,0,0
30/03/2022 12:00:00 am,47.237183714727522,0,-0.3665499131691341,0.54537029566728934,0,0,0,0,0.5369713084445632,0,0,0,0
31/03/2022 12:00:00 am,47.449866070027923,0,-0.33977980734975333,0.55246216265015746,0,0,0,0,0.54073252311392095,0,0,0,0
1/04/2022 12:00:00 am,47.661724008002004,0,-0.29091442318392779,0.50277236115800883,0,0,0,0,0.53343759817107483,0,0,0,0
2/04/2022 12:00:00 am,47.812608874013961,0,-0.2072566262908957,0.35814149230284603,0,0,0,0,0.53141581638060398,0,0,0,0
3/04/2022 12:00:00 am,48.064242459791892,0,-0.26153071831920727,0.51316430409713865,0,0,0,0,0.5120916048758547,0,0,0,0
4/04/2022 12:00:00 am,48.382968050567598,0,-0.27138505823075576,0.59011064900645893,0,0,0,0,0.49424598834230221,0,0,0,0
5/04/2022 12:00:00 am,48.635092413578263,0,-0.18952642590540236,0.44165078891607401,0,0,0,0,0.48226426741279182,0,0,0,0
6/04/2022 12:00:00 am,49.01422386319625,0,-0.22297713655846607,0.60210858617645346,0,0,0,0,0.46984230900973506,0,0,0,0
7/04/2022 12:00:00 am,49.365975184154699,0,-0.14262042768648797,0.49437174864493688,0,0,0,0,0.6810880782125589,0,0,0,0
8/04/2022 12:00:00 am,49.567095323271772,0,-0.093054827282177399,0.29417496639924484,0,0,0,0,0.66457685207407258,0,0,0,0
9/04/2022 12:00:00 am,49.951570283331023,0,-0.1316335060059366,0.51610846606518213,0,0,0,0,0.64443815958697948,0,0,0,0
10/04/2022 12:00:00 am,50.326597078068438,0,-0.11707768436545507,0.49210447910287303,0,0,0,0,0.62490973050858611,0,0,0,0
11/04/2022 12:00:00 am,50.737007546383779,0,-0.11297509322333354,0.52338556153867288,0,0,0,0,0.60407940615830003,0,0,0,0
12/04/2022 12:00:00 am,51.275701278118056,0,-0.12520892009153073,0.66390265182580999,0,0,0,0,0.57753652316043524,0,0,0,0
13/04/2022 12:00:00 am,51.622988935056263,0,-0.073186837959113404,0.4204744948973177,0,0,0,0,0.58993330968509072,0,0,0,0
14/04/2022 12:00:00 am,51.889763448685173,0,-0.054579281180068051,0.32135379480898119,0,0,0,0,0.57652573446497501,0,0,0,0
15/04/2022 12:00:00 am,52.175152043923234,0,-0.051192153923238948,0.33658074916129926,0,0,0,0,0.56342287686349835,0,0,0,0
16/04/2022 12:00:00 am,52.564631804553358,0,-0.056147048304175939,0.44562680893429729,0,0,0,0,0.547203127378034,0,0,0,0
17/04/2022 12:00:00 am,53.091121763974442,0,-0.05989931444212715,0.58638927386321182,0,0,0,0,0.52398844924684473,0,0,0,0
18/04/2022 12:00:00 am,53.404194756519814,0,-0.031651757952015913,0.34472475049739304,0,0,0,0,0.51669776767077058,0,0,0,0
19/04/2022 12:00:00 am,53.683190513048046,0,-0.024304801659074116,0.30330055818731116,0,0,0,0,0.49947450874841154,0,0,0,0
20/04/2022 12:00:00 am,54.060378375958308,0,-0.02342944748159681,0.4006173103918575,0,0,0,0,0.48963637448518521,0,0,0,0
21/04/2022 12:00:00 am,54.6844282311406,0,-0.023092305276449565,0.64714216045874262,0,0,0,0,0.47782921162199782,0,0,0,0
22/04/2022 12:00:00 am,55.290386930069296,0,-0.0092146654688107787,0.61517336439750891,0,0,0,0,0.45828165296473428,0,0,0,0
23/04/2022 12:00:00 am,55.527235505739547,0,-0.00040490516118296682,0.23725348083143635,0,0,0,0,0.49073193095011708,0,0,0,0
24/04/2022 12:00:00 am,55.890320430604504,0,0.003375618262147384,0.35970930660280975,0,0,0,0,0.47883539929072033,0,0,0,0
25/04/2022 12:00:00 am,56.184989317571947,0,0.0062437115024138734,0.2884251754650326,0,0,0,0,0.47981744808612181,0,0,0,0
26/04/2022 12:00:00 am,56.515007426153687,0,0.0098815707323431923,0.32013653784939161,0,0,0,0,0.46745851381723685,0,0,0,0
27/04/2022 12:00:00 am,56.823012331118534,0,0.012182202222209781,0.29582270274264016,0,0,0,0,0.46179235001339153,0,0,0,0
28/04/2022 12:00:00 am,57.164654857066388,0,0.015936259325172841,0.32570626662268409,0,0,0,0,0.455495181604118,0,0,0,0
29/04/2022 12:00:00 am,57.467567447077123,0,0.016933717286129024,0.28597887272460409,0,0,0,0,0.45066417210225612,0,0,0,0
30/04/2022 12:00:00 am,57.815517561556732,0,0.021033783723972022,0.32691633075563442,0,0,0,0,0.4404218045544776,0,0,0,0
1/05/2022 12:00:00 am,58.221733618357867,0,0.026403155713026649,0.37981290108810883,0,0,0,0,0.4317468296162833,0,0,0,0
2/05/2022 12:00:00 am,58.736497906848953,0,0.035455930130112279,0.47930835836097713,0,0,0,0,0.4167011067660189,0,0,0,0
3/05/2022 12:00:00 am,59.155031261992576,0,0.032253571693786398,0.38627978344983782,0,0,0,0,0.40786199238007298,0,0,0,0
4/05/2022 12:00:00 am,59.581107921999823,0,0.035044742777827764,0.39103191722941849,0,0,0,0,0.40409459553737481,0,0,0,0
5/05/2022 12:00:00 am,59.92745090778849,0,0.031349744452981554,0.31499324133568701,0,0,0,0,0.40042100830521682,0,0,0,0
6/05/2022 12:00:00 am,60.487888662621245,0,0.040925925555683307,0.51951182927707018,0,0,0,0,0.79435402333089544,0,26.400000000000002,0,0
7/05/2022 12:00:00 am,61.155828962830235,0,0.0507217984269559,0.61721850178203075,0,0,0,0,0.77630052280064787,0,0,0,0
8/05/2022 12:00:00 am,61.869918516425784,0,0.057578363681749067,0.65651118991380342,0,0,0,0,0.76218596784063608,0,0,0,0
9/05/2022 12:00:00 am,62.713000460030052,0,0.06723265283346791,0.77584929077080167,0,0,0,0,0.80287349569807909,0,0,0,0
10/05/2022 12:00:00 am,63.420680091143396,0,0.055924179260333773,0.65175545185301398,0,1.4624098833644426,0.49034132926583024,0,0.88587663764883617,0,0,0.0081576165147879791,1.4624098833644426
11/05/2022 12:00:00 am,63.915493142650341,0.046914092632045046,0.046527402358112369,0.49519974178088161,0,1.5093239759964876,0.50607147360099713,0,0.90205580916012751,0,0,0.0094736323352385653,1.5093239759964876
12/05/2022 12:00:00 am,79.285119635129561,0.034410176255192937,0.039315608699286742,0.36472106003512933,15,1.5437341522516805,0.51760909500056351,0,0.89110928580751803,0,0,0.01054036407170747,1.5437341522516805
13/05/2022 12:00:00 am,79.778448535943994,0.051007236689670332,0.049925491480234285,0.49441064602387247,0,1.5947413889413509,0.53471165737045745,0,0.87758734991774168,0,0,0.012291984010202435,1.5947413889413509
14/05/2022 12:00:00 am,80.285500258772657,0.055306749066653893,0.052995973918513073,0.50936249797681621,0,1.6500481380080048,0.55325583240866494,0,0.86293143420864227,0,0,0.014439623903569426,1.6500481380080048
15/05/2022 12:00:00 am,80.946805382363792,0.072883994936062013,0.066259694445481188,0.66792942408171951,0,1.7229321329440668,0.57769360144023985,0,0.87062406467645415,0,0,0.017703199729804983,1.7229321329440668
16/05/2022 12:00:00 am,81.445349260353154,0.054221604714780991,0.052097223381284863,0.50066825932286174,0,1.7771537376588478,0.59587393106821351,0,0.922523234982907,0,0,0.020480889181440854,1.7771537376588478
17/05/2022 12:00:00 am,82.105229756533134,0.072718073067695288,0.064768697084534921,0.66782987216314305,0,1.8498718107265431,0.62025606703110181,0,0.93696100885109301,0,0,0.024720041852773086,1.8498718107265431
18/05/2022 12:00:00 am,82.72615666054169,0.072844568229401219,0.064043856115642228,0.62972761612230899,0,1.9227163789559443,0.64468061641477048,0,0.92273634816898575,0,0,0.029610184648652067,1.9227163789559443
19/05/2022 12:00:00 am,83.489127787002687,0.092334032842121161,0.078201566817135415,0.77710359248598326,0,2.0150504117980654,0.6756399205847613,0,0.90893789311922613,0,0,0.036826452892551563,2.0150504117980654
20/05/2022 12:00:00 am,84.16812245369573,0.087553887388134743,0.072530804705021268,0.69401774937616423,0,2.1026042991862002,0.70499645736193384,0,0.91104651577217277,0,0,0.044820206631784966,2.1026042991862002
21/05/2022 12:00:00 am,84.486734618417358,0.035911261183532162,0.042181816006316097,0.31234160989884391,0,2.1385155603697323,0.717037387708927,0,0.92090691583824347,0,0,0.048446409912621925,2.1385155603697323
22/05/2022 12:00:00 am,84.9370076972059,0.061999907245180452,0.054849855363016786,0.45742313067070517,0,2.2005154676149128,0.73782575715225884,0,0.90688761933251127,0,0,0.055209043702866681,2.2005154676149128
23/05/2022 12:00:00 am,85.322431885363358,0.053655754266878297,0.050257572432037989,0.38882236999230346,0,2.2541712218817911,0.75581635894541244,0,0.89444276123535493,0,0,0.061595544557829993,2.2541712218817911
24/05/2022 12:00:00 am,85.721975221523934,0.058975612865914684,0.052662372798998547,0.40585657622747423,0,2.3131468347477058,0.77559069221264265,0,0.88214619147988838,0,0,0.069210672658406455,2.3131468347477058
25/05/2022 12:00:00 am,86.11107467795641,0.059714421952901109,0.052723637665486933,0.39609024071989696,0,2.3728612567006069,0.79561274578996322,0,0.87134268625892453,0,0,0.07757907329800541,2.3728612567006069
26/05/2022 12:00:00 am,86.530586160652447,0.067410401249204721,0.056157229170764822,0.43076465477447989,0,2.4402716579498116,0.81821523646708683,0,0.87178345425064363,0,0,0.087846877881953209,2.4402716579498116
27/05/2022 12:00:00 am,86.815270246313105,0.038728993385292121,0.04328017026899289,0.28013290877695807,0,2.4790006513351037,0.83120094335658212,0,0.86776593204033603,0,0,0.094148785139088031,2.4790006513351037
28/05/2022 12:00:00 am,87.139681234475731,0.050955806333386366,0.048115413902927173,0.32725138059309677,0,2.5299564576684901,0.8482862612934674,0,0.85841804497581009,0,0,0.1028953968566458,2.5299564576684901
29/05/2022 12:00:00 am,87.478274198760133,0.056891853564748907,0.050428141439326168,0.34505667640981863,0,2.586848311233239,0.86736191677054664,0,0.84781857557974483,0,0,0.11327842023959386,2.586848311233239
30/05/2022 12:00:00 am,87.896370435647853,0.072010027888937067,0.056839328413978762,0.43326693636267527,0,2.6588583391221761,0.89150664746280472,0,0.8884197833028793,0,0,0.12736053879528303,2.6588583391221761
31/05/2022 12:00:00 am,88.51510602198951,0.10573394804498903,0.073625751835827202,0.65084378255081432,0,2.7645922871671651,0.92695890009229809,0,0.93084402572712166,0,0,0.14993377172626329,2.7645922871671651
1/06/2022 12:00:00 am,89.444785302614775,0.15743904661702324,0.10629706073406453,0.98082126650822932,0,2.9220313337841883,0.97974770593579497,0,0.91259417535401088,0,0,0.18760048972072646,2.9220313337841883
2/06/2022 12:00:00 am,90.15068335726302,0.13549680967992961,0.085962314195327849,0.75543255013285582,0,3.0575281434641179,1.0251793503232656,0,0.90656070748916517,0,0,0.22361298511891622,3.0575281434641179
3/06/2022 12:00:00 am,89.595888735300932,0.13446590922074497,0.08223695709203227,0.76138458596031811,0,3.1919940526848629,1.0702653371032163,1.2639502557936837,1,2.450203970526232,0,0.26219931244010253,3.1919940526848629
4/06/2022 12:00:00 am,89.962048511762077,0.06754293305219683,0.050760930722024256,0.38294177879131969,0,3.2595369857370597,1.0929122652675234,0,0.98484848484848486,0,0,0.28248256295811419,3.2595369857370597
5/06/2022 12:00:00 am,90.347046791977476,0.074669660776341296,0.052825498842850038,0.40684244214888104,0,3.334206646513401,1.1179487623107913,0,0.96535878615157666,0,0,0.30548271056291687,3.334206646513401
6/06/2022 12:00:00 am,90.907620597214461,0.11940936971829164,0.069820097896169386,0.61016307705910811,0,3.4536160162316927,1.1579863398330097,0,0.96535878615157666,0,0,0.34324189249603987,3.4536160162316927
7/06/2022 12:00:00 am,91.508655923172725,0.13414599586194731,0.074681535878404759,0.66049978594180514,0,3.58776201209364,1.2029650606929287,0,0.95349515494881643,0,0,0.3865565489344493,3.58776201209364
8/06/2022 12:00:00 am,92.085820013559442,0.13676538550401807,0.073723944284882492,0.64020553160586136,0,3.7245273975976581,1.2488220544731612,0,0.94316974966007427,0,0,0.43098859844941922,3.7245273975976581
9/06/2022 12:00:00 am,92.636672844960017,0.136280239510012,0.071490505352830525,0.61564256555775976,0,3.8608076371076701,1.2945163803623361,0,0.94518232478583231,0,0,0.47483221597875763,3.8608076371076701
10/06/2022 12:00:00 am,93.066328702979405,0.11117575424518344,0.060532901164727093,0.48029871109984951,0,3.9719833913528535,1.3317932531042644,0,0.93346822755046654,0,0,0.50983724937474895,3.9719833913528535
11/06/2022 12:00:00 am,93.539157581117408,0.13012787705670137,0.065986203369320151,0.5369705518253941,0,4.1021112684095549,1.3754247116552203,0,0.9234525162611914,0,0,0.54951477174195396,4.1021112684095549
12/06/2022 12:00:00 am,93.870332010072119,0.088978156736602365,0.051917598628705264,0.36823498706260027,0,4.1910894251461572,1.4052588013630067,0,0.90732722960184198,0,0,0.57565162363972622,4.1910894251461572
13/06/2022 12:00:00 am,94.280241019710914,0.11612173299578199,0.059173650613423945,0.46685709202115633,0,4.3072111581419392,1.4441940448686157,0,0.93525984818496066,0,0,0.60836368746074876,4.3072111581419392
14/06/2022 12:00:00 am,94.594853098036864,0.083625065303018609,0.049361543856518253,0.34887559977245142,0,4.3908362234449578,1.4722332602398136,0,0.9264586156335074,0,0,0.63085791683999659,4.3908362234449578
15/06/2022 12:00:00 am,94.94162587952566,0.1031996841061531,0.053948709623542257,0.39602375597141914,0,4.4940359075511109,1.5068357823234355,0,0.91316590403670705,0,0,0.65732016353693579,4.4940359075511109
16/06/2022 12:00:00 am,95.243087131637523,0.087026753586724404,0.0492291038710988,0.33925890182748508,0,4.5810626611378353,1.536015572832804,0,0.90432879636779495,0,0,0.6784885463485083,4.5810626611378353
17/06/2022 12:00:00 am,95.710239604326176,0.15903279370674817,0.068770232426738076,0.55741503396865533,0,4.7400954548445835,1.5893387569483424,0,0.89990753000144874,0,0,0.71442400255702654,4.7400954548445835
18/06/2022 12:00:00 am,95.984777531885427,0.07884016619191847,0.046229294955738354,0.30714879879543727,0,4.818935621036502,1.6157736110407845,0,0.90301944509675247,0,0,0.73092899545177803,4.818935621036502
19/06/2022 12:00:00 am,96.229276587589482,0.061246893001528413,0.042318394694561334,0.2634275540110223,0,4.8801825140380304,1.6363094972306942,0,0.90006462178630708,0,0,0.74316183715554029,4.8801825140380304
20/06/2022 12:00:00 am,96.527959369315354,0.089411423485354469,0.047849943684662222,0.34024426152656351,0,4.9695939375233849,1.6662888598855026,0,0.93368853727906653,0,0,0.76011470030767658,4.9695939375233849
21/06/2022 12:00:00 am,96.819501494963063,0.083946146167710012,0.046281124816998087,0.32920714699842052,0,5.0535400836910949,1.6944357326377026,0,0.94884005243058167,0,0,0.77507986692763409,5.0535400836910949
22/06/2022 12:00:00 am,97.061818297334085,0.053036680244985313,0.040066747565020933,0.2552867350509806,0,5.1065767639360802,1.7122187609028994,0,0.9443448103654154,0,0,0.78407433572117879,5.1065767639360802
23/06/2022 12:00:00 am,97.305485110770377,0.055928565592540558,0.040402244354948991,0.25919313467387467,0,5.1625053295286207,1.7309714290218303,0,0.94138426710612555,0,0,0.79318438598907204,5.1625053295286207
24/06/2022 12:00:00 am,97.573321411678222,0.078132359923849037,0.044264508655917467,0.30170415217578417,0,5.2406376894524698,1.7571689579496272,0,0.9308992560650079,0,0,0.80528700860425839,5.2406376894524698
25/06/2022 12:00:00 am,97.890105389707216,0.1151603676505335,0.051416926704643373,0.38052741897487319,0,5.3557980571030033,1.7957818587477219,0,0.91593425183813815,0,0,0.82185834296984062,5.3557980571030033
26/06/2022 12:00:00 am,98.316986693186408,0.17460850555024177,0.064855130941108285,0.53663467808831422,0,5.530406562653245,1.8543275289367473,0,0.91144828899786634,0,0,0.84431025207786892,5.530406562653245
27/06/2022 12:00:00 am,98.722834885674843,0.17550931798610847,0.063481809968546798,0.51787570050599574,0,5.7059158806393535,1.9131752386375718,0,0.90250341238053622,0,0,0.8639475292581057,5.7059158806393535
28/06/2022 12:00:00 am,97.194935209201006,0.16991021561297082,0.06064230430362727,0.52509764864044339,0,5.8758260962523243,1.9701455873252014,1.9437294138049357,1,3.4733816940857452,0,0.88048699711293776,5.8758260962523243
29/06/2022 12:00:00 am,97.173027570760397,0.079004777592180275,0.041991838190705622,0.2948458348766797,0,5.9548308738445046,1.9966356350905905,0.27974053391582543,1,0.5,0,0.88743412170445324,5.9548308738445046
30/06/2022 12:00:00 am,97.436016038057218,0.085466891184088567,0.04274132183929602,0.3057140366416059,0,6.0402977650285932,2.0252924087544897,0,0.99545454545454548,0,0,0.89446285009177218,6.0402977650285932
1/07/2022 12:00:00 am,96.304421337009316,0.12377896747946071,0.048926602990700729,0.38507536754416455,0,6.1640767325080539,2.0667950983488721,1.4418177041032936,1,2.6003060522394748,0,0.90381215330507469,6.1640767325080539
2/07/2022 12:00:00 am,96.575114797734742,0.097660906956474669,0.043934986388931563,0.32441938129297254,0,6.2617376394645285,2.0995404862726561,0,0.99393939393939412,0,0,0.91055102545810285,6.2617376394645285
3/07/2022 12:00:00 am,96.875540690442506,0.12406117899846425,0.047899295681478549,0.37658777602474985,0,6.3857988184629928,2.1411378004814745,0,0.98182417819901158,0,0,0.91837426595561655,6.3857988184629928
4/07/2022 12:00:00 am,97.245182541176177,0.17349950209218701,0.056322353515586343,0.48681899931026873,0,6.5592983205551798,2.1993116253787188,0,0.96971881204853205,0,0,0.92807518692898472,6.5592983205551798
5/07/2022 12:00:00 am,97.546898540518541,0.13543494004961509,0.048472413840604744,0.38867852555138188,0,6.6947332606047949,2.2447225250781822,0,0.95913370473263415,0,0,0.93475830826776263,6.6947332606047949
6/07/2022 12:00:00 am,97.846083910264198,0.14103595139132885,0.048766628717979543,0.39145469241900177,0,6.8357692119961238,2.2920114258618631,0,0.95157621674579629,0,0,0.94098839345168794,6.8357692119961238
7/07/2022 12:00:00 am,98.098117297949912,0.10312022032961821,0.042423023877205424,0.31273058413811849,0,6.938889432325742,2.3265873039968503,0,0.95006509167516362,0,0,0.94512090539289184,6.938889432325742
8/07/2022 12:00:00 am,93.669033522939003,0.11610541182016387,0.04389239350444285,0.33795836957979875,0,7.0549948441459058,2.3655170750647803,4.6948291262749962,1,8.7053069694941883,0,0.94938816514844082,7.0549948441459058
9/07/2022 12:00:00 am,91.790455019743888,0.18228994781908892,0.053782700111179693,0.46958883862659662,0,7.2372847919649947,2.4266383081350682,2.2196600941138085,1,4.2000000000000028,0,0.95535217534044947,7.2372847919649947
10/07/2022 12:00:00 am,88.019032361304568,0.14249801397275697,0.046587337965178222,0.37869799299804158,0,7.3797828059377517,2.4744174337987928,4.054209975429786,1,8,0,0.95946161960021892,7.3797828059377517
11/07/2022 12:00:00 am,88.233813511062507,0.060572864625026313,0.035649712532585198,0.23970430185037786,0,7.440355670562778,2.4947273204424358,0,0.99545454545454548,0,0,0.961076811972293,7.440355670562778
12/07/2022 12:00:00 am,82.218803429855882,0.093369662764136052,0.039265520878535298,0.28774673120682109,0,7.5337253333269141,2.5260338679936187,6.2486526705278429,1,13.200049874961863,0,0.96342502797007079,7.5337253333269141
13/07/2022 12:00:00 am,69.283198133269423,0.17617969997609872,0.050155264478725314,0.43400743662799568,0,7.7099050333030128,2.5851063546190431,13.243588297717077,1,33.200000000000003,0,0.96742916929685407,7.7099050333030128
14/07/2022 12:00:00 am,69.607998669802996,0.19732528451006104,0.052536982417031197,0.46958883862659662,0,7.9072303178130738,2.6512688877125847,0,0.9893939393939396,0,0,0.97133145520880082,7.9072303178130738
15/07/2022 12:00:00 am,69.295457128186072,0.1708200297986231,0.047742070497283962,0.40906248087006342,0,8.0780503476116969,2.7085442941697577,0.59852606318564561,1,1.5001636625547121,0,0.97428159854779517,8.0780503476116969
16/07/2022 12:00:00 am,69.509437293918438,0.077628744254042203,0.036009376946205762,0.25559953304019289,0,8.1556790918657391,2.7345729623836195,0,0.99393939393939412,0,0,0.97550611771212292,8.1556790918657391
17/07/2022 12:00:00 am,69.746849659651247,0.12193037094740333,0.040613138496491175,0.31872959818371599,0,8.2776094628131425,2.7754558235078046,0,0.98485015266509379,0,0,0.97729684641323078,8.2776094628131425
18/07/2022 12:00:00 am,70.091591353580867,0.23871362123290751,0.055739496524319421,0.52771581863819772,0,8.51632308404605,2.8554957327567183,0,0.96667373755322572,0,0,0.98038469690902774,8.51632308404605
19/07/2022 12:00:00 am,70.599390636562461,0.36550925696828962,0.076585823065917324,0.79672271688398388,0,8.8818323410143396,2.9780498107614908,0,0.94547276889360932,0,0,0.98422375775409343,8.8818323410143396
20/07/2022 12:00:00 am,70.876919503587459,0.2194713526031844,0.050129250202804343,0.44687096942537302,0,9.101303693617524,3.0516378492419425,0,0.93336303134810228,0,0,0.98611112317350191,9.101303693617524
21/07/2022 12:00:00 am,59.144449645690273,0.18378666618770367,0.044904804008440991,0.39368792544949049,0,9.2850903598052277,3.1132609271662295,11.987275921167413,1,35.201960068974756,0,0.98749346148105643,9.2850903598052277
22/07/2022 12:00:00 am,58.200103821272272,0.15014953322425661,0.040665613200577155,0.33795836957979875,0,9.4352398930294843,3.1636055826197631,1.1728202739741229,1,3.5,0,0.98850600749092898,9.4352398930294843
23/07/2022 12:00:00 am,58.406746705213166,0.1067592689812713,0.03608643995573857,0.27731571296642377,0,9.5419991620107556,3.1994016220606967,0,0.99242424242424243,0,0,0.98916862187052623,9.5419991620107556
24/07/2022 12:00:00 am,58.617605949358804,0.12308322483313816,0.037303611899295319,0.29663885707948057,0,9.6650823868438938,3.2406710313839966,0,0.98484906573536035,0,0,0.98987862707993735,9.6650823868438938
25/07/2022 12:00:00 am,58.841588959051748,0.15823577509537046,0.040324151333349434,0.34189463345496601,0,9.8233181619392642,3.2937269777231784,0,0.98484949207067551,0,0,0.99071406082722291,9.8233181619392642
26/07/2022 12:00:00 am,49.877633737864898,0.2163404288492341,0.045883736240858397,0.42482493573540442,0,10.039658590788498,3.3662652275412266,9.2183234643138761,1,32.100104060471921,0,0.99173101269506814,10.039658590788498
27/07/2022 12:00:00 am,40.863767785726516,0.22917088753601078,0.046541988178375959,0.43864675461164071,0,10.268829478324509,3.4431054888808954,9.2698838073923824,1,39.399999999999991,0,0.99267110133988667,10.268829478324509
28/07/2022 12:00:00 am,41.153803396970673,0.28444331940229262,0.051991134642046077,0.52248779600440853,0,10.553272797726802,3.5384784188118861,0,0.99242424242424243,0,0,0.99367174804941694,10.553272797726802
29/07/2022 12:00:00 am,41.039987987069132,0.18569356842325746,0.040655161154550257,0.36203326642737321,0,10.738966366150059,3.6007408749211796,0.33081026906020267,1,1.4000130904965857,0,0.99424018150063176,10.738966366150059
30/07/2022 12:00:00 am,41.260887573749308,0.20387213146285177,0.041829939351703871,0.38294177879131969,0,10.942838497612911,3.6690985447365447,0,0.99090909090909074,0,0,0.99479781708051829,10.942838497612911
31/07/2022 12:00:00 am,34.498074470668712,0.18671469322047862,0.03974008045186217,0.35591131191160352,0,11.12955319083339,3.7317033807053499,6.9717498022235835,1,35.100012941757953,0,0.99525468874929945,11.12955319083339
1/08/2022 12:00:00 am,34.692940207956795,0.15286211899941016,0.036480236567040691,0.3112476197204484,0,11.2824153098328,3.7829575574428049,0,0.98636363636363633,0,0,0.99559462968009149,11.2824153098328
2/08/2022 12:00:00 am,34.929006968163598,0.26241115262270398,0.045720084205164824,0.452757828624341,0,11.544826462455504,3.8709431727308887,0,0.96515263887891523,0,0,0.99611511384496931,11.544826462455504
3/08/2022 12:00:00 am,35.317129361431405,0.4763412047520692,0.070103654829766882,0.79435994319010883,0,12.021167667207573,4.0306588462771193,0,0.93636787997271786,0,0,0.99689001307799774,12.021167667207573
4/08/2022 12:00:00 am,35.575145347476266,0.39254720335485516,0.056748223116930063,0.59381496628278341,0,12.413714870562428,4.1622786607232429,0,0.90909966937181219,0,0,0.99739736315470839,12.413714870562428
5/08/2022 12:00:00 am,35.834442894830111,0.44161880370658047,0.060647575790637731,0.64026877526978843,0,12.855333674269009,4.3103520249021603,0,0.88940653372597345,0,0,0.99785862355722965,12.855333674269009
6/08/2022 12:00:00 am,36.145891745677986,0.58151556697822926,0.076399634992288412,0.81656478283381373,0,13.436849241247238,4.5053323237530378,0,0.84850499587438755,0,0,0.99833054970801105,13.436849241247238
7/08/2022 12:00:00 am,36.331248649277057,0.38231196956735758,0.050371281846352645,0.51729759132007225,0,13.819161210814595,4.6335202972373351,0,0.89396215600030837,0,0,0.99857612209903468,13.819161210814595
8/08/2022 12:00:00 am,35.626544246176351,0.38507038943785865,0.04940867205239563,0.55435655485963686,0,14.204231600252454,4.7626331600302736,0.92339924057488132,1,4.5016958981942423,0,0.99878281082435272,14.204231600252454
9/08/2022 12:00:00 am,35.785501711279238,0.1763684200411948,0.033263980969339357,0.30206190417473983,0,14.380600020293649,4.8217689238864061,0,0.99090909090909096,0,0,0.99886594188024491,14.380600020293649
10/08/2022 12:00:00 am,35.949551982373507,0.0965609819311819,0.028595109752814096,0.23201614327263845,0,14.477161002224831,4.8541455104877098,0,0.98181827200680127,0,0,0.99890871770607215,14.477161002224831
11/08/2022 12:00:00 am,36.105586988171851,0.19462195913620839,0.033809024331510784,0.31684794060304267,0,14.671782961361039,4.9194016272800942,0,0.99393970682781529,0,0,0.99898949463534858,14.671782961361039
12/08/2022 12:00:00 am,35.99498018138901,0.11970308692596987,0.029360057082046254,0.24915783894677096,0,14.791486048287009,4.9595376872371482,0.26942161588569097,1,1.3000224036246379,0,0.99903580636922928,14.791486048287009
13/08/2022 12:00:00 am,36.148803366943831,0.15811942763693843,0.031178783630647189,0.28076382956111523,0,14.949605475923947,5.0125546226478113,0,0.98787878787878791,0,0,0.99909334431815722,14.949605475923947
14/08/2022 12:00:00 am,36.299403904494106,0.19945812518850126,0.033210722135734727,0.31684794060304267,0,15.149063601112449,5.0794322903594074,0,0.97424256300826972,0,0,0.9991604666351015,15.149063601112449
15/08/2022 12:00:00 am,36.44923543396817,0.27246231477383276,0.037238027641823379,0.3850558166060738,0,15.421525915886281,5.1707880279818061,0,0.95606109921407345,0,0,0.99924327411868963,15.421525915886281
16/08/2022 12:00:00 am,36.589152134008238,0.26378744322306069,0.036209161616003627,0.3674949816471183,0,15.685313359109342,5.2592351090806133,0,0.94545554041678304,0,0,0.99931476378169015,15.685313359109342
17/08/2022 12:00:00 am,36.813474397295145,0.54399424600856072,0.056684921683187284,0.71163158761227763,0,16.229307605117903,5.4416346297178286,0,0.94848612141248434,0,0,0.99943942622164206,16.229307605117903
18/08/2022 12:00:00 am,37.026983204250456,0.5447996619375246,0.054892383543341694,0.7034160853494964,0,16.774107267055427,5.6243042037249733,0,0.99394109836826883,0,0,0.99953929758730398,16.774107267055427
19/08/2022 12:00:00 am,37.225608458588866,0.55574130372635011,0.054088160785171979,0.70027839727959129,0,17.329848570781778,5.8106424750242471,0,0.9787896180011636,0,0,0.99962109121728404,17.329848570781778
20/08/2022 12:00:00 am,37.384663180156501,0.50543275321291503,0.048557052052188965,0.61593042272836029,0,17.835281323994693,5.9801124511808199,0,0.9833351441780448,0,0,0.99968157950915104,17.835281323994693
21/08/2022 12:00:00 am,37.534459689201952,0.52032343058350961,0.04838803084413712,0.62173190878482487,0,18.355604754578202,6.1545752235558977,0,0.96515340694933438,0,0,0.99973282571576516,18.355604754578202
22/08/2022 12:00:00 am,37.662890801664943,0.49315363652070587,0.045311505525054585,0.57627324345863962,0,18.848758391098908,6.3199280513879437,0,0.96818380584004338,0,0,0.99977304858824689,18.848758391098908
23/08/2022 12:00:00 am,37.766827541288279,0.42097721322337733,0.039895612573628725,0.48501834027308838,0,19.269735604322285,6.4610803566825963,0,0.9575778120123859,0,0,0.99980210551248305,19.269735604322285
24/08/2022 12:00:00 am,37.852472938342551,0.45385535023177681,0.041069428688345511,0.49843131859770545,0,19.723590954554062,6.6132565955459928,0,0.93485070425178485,0,0,0.99982889770902994,19.723590954554062
25/08/2022 12:00:00 am,37.93326092590506,0.61357238864223262,0.050383717356764279,0.64397665884797672,0,20.337163343196295,6.8189854435728394,0,0.90454800808806246,0,0,0.99985895732465624,20.337163343196295
26/08/2022 12:00:00 am,37.95294961897217,0.47509773344843964,0.040494127116563305,0.51988625340169881,0,20.812261076644734,6.9782841851912574,0.065593954002721319,1,0.30017783151608057,0,0.99987824109577939,20.812261076644734
27/08/2022 12:00:00 am,38.032931943266313,0.34256032924664481,0.033176667272702076,0.38936598626809005,0,21.154821405891379,7.0931435615585041,0,0.99090909090909096,0,0,0.99989034301850255,21.154821405891379
28/08/2022 12:00:00 am,38.104816757746619,0.39982818066197368,0.035389912592052042,0.43632308255022717,0,21.554649586553353,7.2272046642725334,0,0.97575758914245114,0,0,0.99990282580497791,21.554649586553353
29/08/2022 12:00:00 am,38.173448233957373,0.38115468070346736,0.034016023473562029,0.41577013344065861,0,21.93580426725682,7.3550046025238096,0,0.9651515508311953,0,0,0.99991328908611665,21.93580426725682
30/08/2022 12:00:00 am,38.226818052446305,0.4192592019314958,0.03528254623564564,0.43734647418478717,0,22.355063469188316,7.4955808641591997,0,0.94545463371571992,0,0,0.9999233962461479,22.355063469188316
31/08/2022 12:00:00 am,38.261255327597155,0.43990850235195467,0.035707687424196166,0.43863809007860466,0,22.794971971540271,7.6430807697960121,0,0.92272744449588029,0,0,0.99993263722829695,22.794971971540271
1/09/2022 12:00:00 am,58.276603070264017,0.66794011231941042,0.047114654833087855,0.63617320015318557,20,23.462912083859681,7.8670389406688548,0,0.89848512435145578,0,0,0.99994442991487753,23.462912083859681
2/09/2022 12:00:00 am,58.278583565012951,0.84899827757056912,0.057629223349682235,0.79334954896982113,0,24.31191036143025,8.1517053318796471,0,0.86363679411631045,0,0,0.99995629477372405,24.31191036143025
3/09/2022 12:00:00 am,58.228145714172761,0.64206103387662949,0.043104388686430184,0.54851879435001172,0,24.95397139530688,8.366986331004572,0,0.84697021053346655,0,0,0.99996344300257745,24.95397139530688
4/09/2022 12:00:00 am,58.141596132871427,0.67070271079029808,0.043656582909484598,0.54049654657948032,0,25.624674106097178,8.5918707922573212,0,0.81060674341261452,0,0,0.99996958646689493,25.624674106097178
5/09/2022 12:00:00 am,58.016333605667313,0.69696713554924372,0.044048888254049956,0.52765572009108297,0,26.321641241646422,8.8255616306381288,0,0.77121299192904225,0,0,0.99997481413813649,26.321641241646422
6/09/2022 12:00:00 am,58.000283472450263,0.30153044098893744,0.026853170404358195,0.25862713736752724,0,26.623171682635359,8.9266638174672241,0,0.77878885418948685,0,0,0.99997676983026607,26.623171682635359
7/09/2022 12:00:00 am,58.014199731169342,0.2308492064488803,0.024449866981139934,0.22031559818681429,0,26.854020889084239,9.0040668137391648,0,0.7712132210703756,0,0,0.99997815731096051,26.854020889084239
8/09/2022 12:00:00 am,57.879288557160933,0.59875647776385676,0.037510202272695636,0.42633510148274961,0,27.452777366848096,9.2048279345118225,0,0.74848604526290508,0,0,0.99998136049943298,27.452777366848096
9/09/2022 12:00:00 am,57.821802266775151,0.38685207228172303,0.028753128737086797,0.3006126531588505,0,27.839629439129819,9.3345381898305693,0,0.77575883670397872,0,0,0.99998316152728739,27.839629439129819
10/09/2022 12:00:00 am,57.699659740778316,0.5402826154032887,0.034003938931999045,0.38413615047445709,0,28.379912054533108,9.515693212666287,0,0.75606193160736612,0,0,0.99998537418201205,28.379912054533108
11/09/2022 12:00:00 am,57.529566981631312,0.67034284536692468,0.038916359507819465,0.46133372671210632,0,29.050254899900033,9.7404570122002827,0,0.73939533313097905,0,0,0.99998770027029948,29.050254899900033
12/09/2022 12:00:00 am,57.347286457894512,0.65554290887359912,0.037556818500458888,0.43570556663634413,0,29.705797808773632,9.9602584406400041,0,0.72121357243719098,0,0,0.99998960053164543,29.705797808773632
13/09/2022 12:00:00 am,57.156766193044326,0.63679769045818091,0.036128415589907092,0.4101490100180889,0,30.342595499231813,10.173774657649089,0,0.70454694687807695,0,0,0.99999115289370699,30.342595499231813
14/09/2022 12:00:00 am,57.084871188794693,0.53747690495331923,0.031782610820204837,0.43379928988347899,0,30.880072404185132,10.353988934797007,0,0.87727431644677401,0,0,0.9999922739308601,30.880072404185132
15/09/2022 12:00:00 am,57.082317953819,0.29762111447338668,0.023963866764308506,0.27110401273338935,0,31.177693518658518,10.453780337021888,0,0.85151676335487458,0,0,0.99999282985007676,31.177693518658518
16/09/2022 12:00:00 am,56.978234182172812,0.52078922960391694,0.030496099113360486,0.38620935884436813,0,31.698482748262435,10.628399290310014,0,0.81515316098275603,0,0,0.99999370456379988,31.698482748262435
17/09/2022 12:00:00 am,56.913424736917413,0.3962574415274176,0.026221424427557594,0.30522657184446561,0,32.094740189789853,10.761263135679425,0,0.80454711156069658,0,0,0.99999429532284445,32.094740189789853
18/09/2022 12:00:00 am,56.793866413702524,0.50050369328973687,0.029140505537554873,0.35180486453729293,0,32.59524388307959,10.929080413900721,0,0.77575926112947413,0,0,0.99999496031654522,32.59524388307959
19/09/2022 12:00:00 am,56.591285600946058,0.72814084063580964,0.037002785851679931,0.48855724202766615,0,33.3233847237154,11.173223695310101,0,0.75454715995293375,0,0,0.99999578785490417,33.3233847237154
20/09/2022 12:00:00 am,56.299310175175329,0.99707011584627736,0.048815614313969746,0.65627907576158451,0,34.320454839561677,11.507538097542202,0,0.70303205016527015,0,0,0.9999966999600548,34.320454839561677
21/09/2022 12:00:00 am,55.988265402062183,0.89226516183774152,0.042585250370510863,0.53863513835407861,0,35.212720001399418,11.806711735856622,0,0.66363814184379588,0,0,0.99999734394713158,35.212720001399418
22/09/2022 12:00:00 am,55.832798835085612,0.45087418593625728,0.025911767303476552,0.26949585165621198,0,35.663594187335676,11.957888399922247,0,0.65151693943022926,0,0,0.99999761899055462,35.663594187335676
23/09/2022 12:00:00 am,55.558561846377195,0.67795776187553969,0.032807704194546261,0.3709130689725752,0,36.341551949211215,12.185205456464114,0,0.61818362957203199,0,0,0.99999797908661781,36.341551949211215
24/09/2022 12:00:00 am,55.271074370526279,0.66360331374613679,0.031882718893179174,0.34423311900203934,0,37.005155262957352,12.407709512726978,0,0.58030486659652414,0,0,0.99999827810789466,37.005155262957352
25/09/2022 12:00:00 am,54.994187392401052,0.61998694607398619,0.030042328552713826,0.31305763939604647,0,37.625142209031338,12.615589141224826,0,0.560607909159208,0,0,0.99999851698737463,37.625142209031338
26/09/2022 12:00:00 am,54.651752834783501,0.73910884069323401,0.033764541897411959,0.36290974117826869,0,38.364251049724572,12.863409957768999,0,0.53788064882882936,0,0,0.99999875859545873,38.364251049724572
27/09/2022 12:00:00 am,54.304346437847094,0.70434021611206532,0.031728110480290894,0.32520570869536952,0,39.068591265836638,13.099572966343047,0,0.49394127616924338,0,0,0.99999895200433386,39.068591265836638
28/09/2022 12:00:00 am,53.828491080114759,0.93789566344894837,0.036759882829677792,0.42528042288693346,0,40.006486929285586,13.414046365052711,0,0.45000190082732938,0,0,0.999999163628701,40.006486929285586
29/09/2022 12:00:00 am,68.369372698856353,0.86964651109679636,0.032151051915324302,0.37837707792306768,15,40.876133440382382,13.705636042538723,0,0.42878978979056259,0,0,0.99999932164069116,40.876133440382382
30/09/2022 12:00:00 am,67.887434236178393,0.93147996001735578,0.034469751386954073,0.41507174595244389,0,41.807613400399738,14.017958276527322,0,0.43439564908855305,0,0,0.99999945820657921,41.807613400399738
1/10/2022 12:00:00 am,67.75086759948438,0.30240662992069645,0.01622335953760512,0.14961663368908126,0,42.110020030320435,14.119354246686505,0,0.40863808066748791,0,0,0.99999949641611918,42.110020030320435
2/10/2022 12:00:00 am,67.647203689801046,0.45765384269115117,0.023344109986755512,0.33064582302106454,0,42.567673873011586,14.272804107851641,0,0.79803202369621784,0,26.400000000000002,0.99999954925859447,42.567673873011586
3/10/2022 12:00:00 am,67.506060275124057,0.52633482573378387,0.024955407930047357,0.36023600312674264,0,43.09400869874537,14.449282481681726,0,0.77378960139595931,0,0,0.99999960333151561,43.09400869874537
4/10/2022 12:00:00 am,67.329701839845313,0.58163758080132055,0.026292286819817434,0.37898685870276844,0,43.67564627954669,14.644303691374963,0,0.7419714220557575,0,0,0.99999965572150984,43.67564627954669
5/10/2022 12:00:00 am,67.14419714642132,0.68636608431592094,0.029251067090527272,0.47161032380140405,0,44.362012363862611,14.874440031381209,0,0.78136536463614292,0,0,0.99999970891176171,44.362012363862611
6/10/2022 12:00:00 am,67.132367056285233,0.32314303241366815,0.019441877495708582,0.29187106478187808,0,44.685155396276279,14.982788850586518,0,0.88136536623951967,0,0,0.99999973110170026,44.685155396276279
7/10/2022 12:00:00 am,67.063913006693952,0.40983028913602482,0.021244088839708297,0.32013215070503398,0,45.094985685412304,15.120203628094746,0,0.82833506473863283,0,0,0.99999975689715193,45.094985685412304
8/10/2022 12:00:00 am,66.933388670768949,0.52355518508188226,0.023924359445469889,0.36910648971140753,0,45.618540870494186,15.295749997356454,0,0.78439567241046781,0,0,0.9999997863899871,45.618540870494186
9/10/2022 12:00:00 am,66.749781261413318,0.61388881161850151,0.026266295649417515,0.40401510661344497,0,46.232429682112688,15.501584940989302,0,0.7374259772981403,0,0,0.99999981658996873,46.232429682112688
10/10/2022 12:00:00 am,66.46023436023556,0.87400232912010267,0.034926735058441238,0.54952869288390549,0,47.106432011232791,15.7946351102457,0,0.67227446466806118,0,0,0.99999985260876167,47.106432011232791
11/10/2022 12:00:00 am,66.102356862420322,1.0321419519615986,0.041563738350593127,0.63270071579577547,0,48.138573963194389,16.140708986299884,0,0.61015325485828553,0,0,0.99999988646447635,48.138573963194389
12/10/2022 12:00:00 am,65.79267421038648,0.7316908737366532,0.029336353195297704,0.39267186850752667,0,48.870264836931042,16.38604258238739,0,0.55560780242642571,0,0,0.99999990583530152,48.870264836931042
13/10/2022 12:00:00 am,65.524675861084063,0.60265439609278104,0.025140357962960991,0.30951568882739694,0,49.472919233023823,16.588110662635987,0,0.52227447039561714,0,0,0.99999991939680688,49.472919233023823
14/10/2022 12:00:00 am,65.33706752089978,0.42931465323584206,0.020094186631403943,0.22161212642017408,0,49.902233886259665,16.732058484744972,0,0.4919714411361964,0,0,0.99999992791024883,49.902233886259665
15/10/2022 12:00:00 am,65.050670803734477,0.59038367954176607,0.022300589459128162,0.28168637291732496,0,50.492617565801432,16.930012233209361,0,0.45409265444579089,0,0,0.99999993824501954,50.492617565801432
16/10/2022 12:00:00 am,64.709418594990098,0.66853166836754241,0.021964623124283378,0.30531483649887042,0,51.161149234168974,17.154168750922082,0,0.40868338750626915,0,0,0.99999994826616123,51.161149234168974
17/10/2022 12:00:00 am,64.555569299769218,0.73487676853726924,0.029053793122866267,0.55197368019352477,0,51.896026002706243,17.400570567287094,0,0.76781504775607656,0,26.400000000000002,0.99999995751998272,51.896026002706243
18/10/2022 12:00:00 am,64.433326123149826,0.541696622843304,0.022906841449717774,0.39654660477418163,0,52.437722625549547,17.582199702268539,0,0.74963322972906798,0,0,0.99999996332868313,52.437722625549547
19/10/2022 12:00:00 am,64.348219795757245,0.58327567208473141,0.02402171984891055,0.47414762484325373,0,53.020998297634279,17.777770158699305,0,0.82236050276451089,0,0,0.9999999687547062,53.020998297634279
20/10/2022 12:00:00 am,64.241610631689468,0.59266270610496719,0.024237035922592298,0.4618165061146029,0,53.613661003739246,17.976488057438623,0,0.77993626053997422,0,0,0.99999997350055958,53.613661003739246
21/10/2022 12:00:00 am,64.067890250892845,0.80152421550167929,0.031538601974059333,0.59626523273098975,0,54.415185219240925,18.245236548363518,0,0.70194263318742145,0,0,0.99999997886793612,54.415185219240925
22/10/2022 12:00:00 am,64.004176103991313,0.30942304571909318,0.01675392111553009,0.22895497770201681,0,54.724608264960018,18.348985100167834,0,0.64285172443716654,0,0,0.99999998065836115,54.724608264960018
23/10/2022 12:00:00 am,63.793316579612075,0.65924619988562227,0.026272630852254508,0.42211404465414193,0,55.383854464845641,18.570028230170262,0,0.59285172472252878,0,0,0.99999998401995738,55.383854464845641
24/10/2022 12:00:00 am,63.514509553969006,0.91900114112340248,0.037184153752587434,0.60300996172774002,0,56.302855605969043,18.878166356328542,0,0.53356655167053313,0,0,0.99999998782252308,56.302855605969043
25/10/2022 12:00:00 am,63.326899556194974,0.53820790839580468,0.022375663987215688,0.32822224663455701,0,56.841063514364848,19.05862573657906,0,0.53356655181684787,0,0,0.99999998964828241,56.841063514364848
26/10/2022 12:00:00 am,63.139338636168631,0.50482467393236163,0.021048542865443665,0.29621521104057813,0,57.345888188297209,19.227891825709076,0,0.49265746107696479,0,0,0.99999999113230242,57.345888188297209
27/10/2022 12:00:00 am,62.861424407792946,0.7365307172896749,0.026263831614837585,0.43235265729914996,0,58.082418905586884,19.474848205769955,0,0.44339171476419453,0,0,0.99999999295559361,58.082418905586884
28/10/2022 12:00:00 am,62.664642205327723,0.59286737307884607,0.024304404397518908,0.37178076621610756,0,58.67528627866573,19.673634728687194,0,0.50399777546857327,0,0,0.99999999417095053,58.67528627866573
29/10/2022 12:00:00 am,62.429521405060967,0.75328352143536392,0.029218463437299391,0.48894425773131367,0,59.428569800101094,19.926208270083734,0,0.47217959372914642,0,0,0.99999999544372198,59.428569800101094
30/10/2022 12:00:00 am,62.173533072763412,0.93297633979096162,0.035143099269934197,0.64184490822347695,0,60.361546139892056,20.239032235396522,0,0.4249616342515472,0,0,0.99999999667442485,60.361546139892056
31/10/2022 12:00:00 am,62.26671359615159,0.7759649801262043,0.03326370778313148,0.83588179573124799,0,61.13751112001826,20.499210796925013,0,0.78246547072024752,0,26.400000000000002,0.99999999746381762,61.13751112001826
1/11/2022 12:00:00 am,62.341070542695071,0.61201993313189718,0.025998323887737484,0.66037855578763738,0,61.749531053150157,20.704419111613554,0,0.80519274347099556,0,0,0.99999999796501893,61.749531053150157
2/11/2022 12:00:00 am,62.464407009579091,0.8038430585993126,0.036325397408180748,0.89085412807514652,0,62.55337411174947,20.973945103169282,0,0.7294351677356975,0,0,0.99999999849048304,62.55337411174947
3/11/2022 12:00:00 am,62.613502792325356,0.89233904795199948,0.04376795877218953,0.99766687192607384,0,63.445713159701469,21.27314351526012,0,0.65649165088773953,0,0,0.99999999893163127,63.445713159701469
4/11/2022 12:00:00 am,72.596310862297528,0.59065517839992765,0.026345209235401512,0.54711803913669865,10,64.036368338101397,21.47118829641823,0,0.5908424857403255,0,0,0.99999999915780768,64.036368338101397
5/11/2022 12:00:00 am,72.559123524878544,0.58626624214626588,0.026620507646082814,0.52245839708120134,0,64.622634580247663,21.667761481369858,0,0.53175823713380543,0,0,0.99999999934017803,64.622634580247663
6/11/2022 12:00:00 am,72.496590489119484,0.47848407373386692,0.021088653273395153,0.39486238470140539,0,65.10111865398153,21.828195651991994,0,0.4785824134022455,0,0,0.99999999946277152,65.10111865398153
7/11/2022 12:00:00 am,72.421843235304351,0.4629249141731151,0.018661524057733914,0.36951613630024338,0,65.564043568154645,21.9834128864678,0,0.4307241720502763,0,0,0.99999999956225039,65.564043568154645
8/11/2022 12:00:00 am,72.578170391008939,0.43602900983519532,0.020787132617389403,0.57156903292239447,0,66.00007257798984,22.129612010744214,0,0.78765175483517724,0,26.400000000000002,0.99999999964110531,66.00007257798984
9/11/2022 12:00:00 am,72.778083150552064,0.50724665830524884,0.024502004766056018,0.68265741308231864,0,66.507319236295089,22.299690183442848,0,0.75431842150384487,0,0,0.99999999971730191,66.507319236295089
10/11/2022 12:00:00 am,72.958957103061039,0.52804069147569521,0.026242511157249737,0.68267213282742523,0,67.035359927770784,22.476740528568364,0,0.67888657933898067,0,0,0.99999999978156606,67.035359927770784
11/11/2022 12:00:00 am,73.030371940888884,0.35215254928057504,0.01801067691827285,0.40555671019015477,0,67.387512477051359,22.594816145454466,0,0.62131082176660379,0,0,0.99999999981715271,67.387512477051359
12/11/2022 12:00:00 am,73.115588016851163,0.42707692315595125,0.021701507099045614,0.49059149201918872,0,67.814589400207311,22.738013663866525,0,0.57130095170467921,0,0,0.99999999985362553,67.814589400207311
13/11/2022 12:00:00 am,73.28321023493676,0.44314929117660995,0.023032736282829092,0.58773877297937438,0,68.257738691383921,22.886600195570502,0,0.63841328077214787,0,0,0.99999999988479082,68.257738691383921
14/11/2022 12:00:00 am,73.440986171533453,0.45603145877279871,0.024412849590206065,0.58939454577928785,0,68.713770150156719,23.039506076627081,0,0.57457195269096595,0,0,0.99999999991084354,68.713770150156719
15/11/2022 12:00:00 am,73.544026134006657,0.39229909432262389,0.021244880839827118,0.47409417595599507,0,69.106069244479343,23.171042700912874,0,0.51711475741909263,0,0,0.99999999992912048,69.106069244479343
16/11/2022 12:00:00 am,73.627427103011513,0.37526061501910135,0.019326452879322886,0.43933513114463763,0,69.481329859498445,23.296866377901605,0,0.46540328167470718,0,0,0.99999999994356381,69.481329859498445
17/11/2022 12:00:00 am,73.717890500640365,0.39591924726279615,0.019064614477379394,0.46731803041427983,0,69.877249106761241,23.429616827822073,0,0.42164282866578745,0,0,0.99238220396250487,69.877249106761241
18/11/2022 12:00:00 am,73.848959878228811,0.37838684184828253,0.020398814753036731,0.48905740468369691,0,70.255635948609523,23.556488718609444,0,0.46006435669397222,0,0,0.97307151476658427,70.255635948609523
19/11/2022 12:00:00 am,74.228576579491772,0.33076107259486776,0.019718698812521751,0.69065907504530788,0,70.586397021204391,23.667391842179999,0,0.81053773277797581,0,0,0.95548925145548391,70.586397021204391
20/11/2022 12:00:00 am,74.723652402322685,0.30745215159174677,0.018740312978959395,0.78378766144370082,0,70.893849172796138,23.770479559523849,0,0.94255010395619832,0,0,0.93850299707018348,70.893849172796138
21/11/2022 12:00:00 am,75.281802511719007,0.33956350124361734,0.021380113407449386,0.87633349723249909,0,71.233412674039755,23.884334109102589,0,0.89127481161114497,0,0,0.91895390430394286,71.233412674039755
22/11/2022 12:00:00 am,75.9264065498691,0.37685614290295177,0.025258554271005096,0.99620162678203539,0,71.610268816942707,24.010692761457911,0,0.83145543165865221,0,0,0.89618636333838231,71.610268816942707
23/11/2022 12:00:00 am,76.351756369094005,0.29806894302203091,0.019762020555354809,0.70365674169158299,0,71.908337759964738,24.110634319154467,0,0.75578082945237413,0,0,0.877292880390522,71.908337759964738
24/11/2022 12:00:00 am,76.776327554853921,0.31510550848872754,0.021815094842096983,0.71786159940654426,0,72.223443268453465,24.21628818244475,0,0.67017004341364139,0,0,0.85637296709494148,72.223443268453465
25/11/2022 12:00:00 am,77.048973686936364,0.21603317147074108,0.015162690811507673,0.47351661274168294,0,72.439476439924206,24.288723409852246,0,0.66887394423449409,0,0,0.84141314305736115,72.439476439924206
26/11/2022 12:00:00 am,77.29707666947273,0.20934357606277842,0.014999784144716699,0.44244677445442465,0,72.648820015986985,24.358915637440123,0,0.61460796151958641,0,0,0.82639371812720086,72.648820015986985
27/11/2022 12:00:00 am,77.634170108336804,0.22321279594368093,0.016225930977391556,0.54408030383037154,0,72.872032811930666,24.433758169836285,0,0.68083925853321881,0,0,0.80976506909738033,72.872032811930666
28/11/2022 12:00:00 am,77.886396009691637,0.15463114271658185,0.01217011705238491,0.39468692701904462,0,73.026663954647248,24.485605494535097,0,0.71231537928376443,0,0,0.79784489058138008,73.026663954647248
29/11/2022 12:00:00 am,78.241900609610894,0.22305489258133093,0.016906467977278794,0.561653024523315,0,73.249718847228579,24.560395082441843,0,0.64135201926646423,0,0,0.7800242236999595,73.249718847228579
30/11/2022 12:00:00 am,78.688752780117511,0.26647831505427177,0.021578624597164975,0.69175186096371599,0,73.51619716228285,24.64974440420902,0,0.57494545711340628,0,0,0.75767388898245902,73.51619716228285
1/12/2022 12:00:00 am,78.990188925069845,0.20296885887330518,0.01631894220209773,0.48808606162352952,0,73.719166021156155,24.717799209630972,0,0.53282859700575436,0,0,0.7397936212084586,73.719166021156155
2/12/2022 12:00:00 am,79.314481717926824,0.18474408698828881,0.015238608128370856,0.49379827171690116,0,73.903910108144444,24.77974330766963,0,0.5888974091577468,0,0,0.72280736682315805,73.903910108144444
3/12/2022 12:00:00 am,79.57142983603265,0.14845597453654591,0.012756778323687712,0.39264731431867561,0,74.05236608268099,24.829520118343421,0,0.57276712270422581,0,0,0.70862235438911758,74.05236608268099
4/12/2022 12:00:00 am,79.830933831181468,0.15632442494286636,0.013573163785871145,0.40225525630580905,0,74.208690507623857,24.881935195125347,0,0.51615740182292402,0,0,0.69312612231831716,74.208690507623857
5/12/2022 12:00:00 am,80.160348625907147,0.19384925255594965,0.015670448248553015,0.5075935990330751,0,74.402539760179806,24.946932225887203,0,0.44919961588622564,0,0,0.6730406215188568,74.402539760179806
6/12/2022 12:00:00 am,80.398163054778024,0.15273990233394841,0.011479966928831686,0.37907436427599372,0,74.555279662513755,24.998145423769905,0,0.40988885658127566,0,0,0.65647157338161621,74.555279662513755
7/12/2022 12:00:00 am,80.925073686594857,0.16041614510963598,0.015147327881219752,0.67217944904525029,0,74.715695807623391,25.051932441160535,0,0.75811745854412405,0,26.400000000000002,0.63829330114471583,74.715695807623391
8/12/2022 12:00:00 am,81.338005949191654,0.13796727933242892,0.013383017323072011,0.53751652460615806,0,74.853663086955819,25.098192426074899,0,0.68791059839715707,0,0,0.62196265657779559,74.853663086955819
9/12/2022 12:00:00 am,81.769326631474314,0.15124287846829532,0.015118828407835849,0.56744473234311976,0,75.004905965424115,25.148903676671431,0,0.6029478931034703,0,0,0.60324797630767524,75.004905965424115
10/12/2022 12:00:00 am,82.244306323331102,0.16431629916100121,0.01733205779616398,0.62196393322161569,0,75.169222264585116,25.203998403168541,0,0.53976810824380184,0,0,0.58185125587145503,75.169222264585116
11/12/2022 12:00:00 am,82.661954982301665,0.15430408569775977,0.015589585455739297,0.55636315921258339,0,75.323526350282876,25.255736066701097,0,0.46361547892322141,0,0,0.56063333811297422,75.323526350282876
12/12/2022 12:00:00 am,83.067182711764175,0.14372560702615544,0.014551274461638286,0.53440206202702834,0,75.467251957309031,25.303926800366412,0,0.45016275715479415,0,0,0.53977302570997376,75.467251957309031
13/12/2022 12:00:00 am,83.758224858133332,0.13127262834331077,0.015162740616407433,0.80715203409606273,0,75.598524585652342,25.347942090341068,0,0.79998732672347783,0,26.400000000000002,0.51968752491051329,75.598524585652342
14/12/2022 12:00:00 am,84.373335114173756,0.12462575051995373,0.014872100635159313,0.72486390592521688,0,75.723150336172296,25.389728703564792,0,0.71817695734708775,0,0,0.49960202411105281,75.723150336172296
15/12/2022 12:00:00 am,85.146932035422154,0.14750514220145305,0.019586268961617748,0.9015157944882376,0,75.870655478373749,25.439186703215476,0,0.64589697426952497,0,0,0.47439084654971209,75.870655478373749
16/12/2022 12:00:00 am,85.742076789581787,0.12131280775591335,0.015914463227030495,0.70054309868851528,0,75.991968286129662,25.479862497388286,0,0.59826548176919436,0,0,0.45233851629511157,75.991968286129662
17/12/2022 12:00:00 am,86.425469084628162,0.1315761339242556,0.018928788368700822,0.79603964060192745,0,76.123544420053918,25.523979551807841,0,0.54228282704372921,0,0,0.42688893516345094,76.123544420053918
18/12/2022 12:00:00 am,87.002818345853228,0.10233254148033666,0.014306573094675201,0.6653752296107337,0,76.225876961534254,25.558291323758649,0,0.6075157536374165,0,0,0.40584982008271031,76.225876961534254
19/12/2022 12:00:00 am,87.505549778077352,0.074806509920350095,0.010575675194758105,0.56696226694971641,0,76.300683471454605,25.583373705879655,0,0.73799142193752187,0,0,0.38969797819352969,76.300683471454605
20/12/2022 12:00:00 am,88.146268213602312,0.080210146435931051,0.011664617114981013,0.70926396484589582,0,76.380893617890536,25.610267909940642,0,0.80228460861000173,0,0,0.37157930684920948,76.380893617890536
21/12/2022 12:00:00 am,88.700174080333269,0.068089943114799212,0.010199888369186283,0.61179592147656836,0,76.448983561005335,25.633098248819184,0,0.79931321775014408,0,0,0.35548706585260903,76.448983561005335
22/12/2022 12:00:00 am,89.242423059509591,0.069502199450084845,0.010685403154791828,0.60106577547161377,0,76.51848576045542,25.65640211270367,0,0.7270457199952749,0,0,0.33832200878956853,76.51848576045542
23/12/2022 12:00:00 am,89.801404833607151,0.072256859444024713,0.011494121978572025,0.61974451156301902,0,76.590742619899444,25.680629605222286,0,0.66905883562092616,0,0,0.31960732851944818,76.590742619899444
24/12/2022 12:00:00 am,90.342307261723178,0.071098552559092809,0.011724499853155379,0.60027648082196539,0,76.661841172458537,25.704468721168698,0,0.61200949940162241,0,0,0.30023703843094773,76.661841172458537
25/12/2022 12:00:00 am,90.962854644385885,0.078009258568584983,0.013755420757735948,0.68480122047355907,0,76.739850431027122,25.730624974608094,0,0.56184296914383758,0,0,0.27776750192828725,76.739850431027122
26/12/2022 12:00:00 am,91.559259530620636,0.076303654866549664,0.013921895313796284,0.65878664578750212,0,76.816154085893672,25.75620934461319,0,0.49145127579680364,0,0,0.25440395203692678,76.816154085893672
27/12/2022 12:00:00 am,92.088720587403415,0.069910556682302172,0.011556295330628075,0.5878153181344421,0,76.886064642575974,25.77965012936394,0,0.43144941365559147,0,0,0.23163641107136623,76.886064642575974
28/12/2022 12:00:00 am,92.499043251395364,0.053176092332051894,0.0092538396717962712,0.45424491665220706,0,76.939240734908026,25.797479902053439,0,0.45608819020154462,0,0,0.21333893704930595,76.939240734908026
29/12/2022 12:00:00 am,92.988578431936745,0.06039692297635213,0.0099870325840321073,0.53994507093369359,0,76.999637657884378,25.817730796028293,0,0.40516127475134861,0,0,0.19140580857986522,76.999637657884378
30/12/2022 12:00:00 am,93.974258816486341,0.065167000906669159,0.014590494780769347,1.0362568906754934,0,77.064804658791047,25.839581081787664,0,0.75089218096414168,0,26.400000000000002,0.1661946310185245,77.064804658791047
31/12/2022 12:00:00 am,94.399356122353822,0.03247320183714919,0.0071285389572537383,0.45044196874739095,0,77.097277860628196,25.850469241896178,0,0.73201507177145053,0,0,0.1529632328657643,77.097277860628196
1/01/2023 12:00:00 am,94.89976611083469,0.038653966704004006,0.008443682772416139,0.53062027241246212,0,77.1359318273322,25.863429792580796,0,0.67495126248967119,0,0,0.13657298740626378,77.1359318273322
2/01/2023 12:00:00 am,95.392734994107599,0.038428881787112346,0.0086325854777307143,0.5227651795822934,0,77.174360709119313,25.876314873016891,0,0.62844588907587118,0,0,0.11952713212838317,77.174360709119313
3/01/2023 12:00:00 am,96.008299054763384,0.04604943740066858,0.010987474310198309,0.650626023746258,0,77.220410146519981,25.891755101234605,0,0.56800385661828334,0,0,0.098011209907002406,77.220410146519981
4/01/2023 12:00:00 am,96.635554888095896,0.046598137493077729,0.011800571187677633,0.66205339963791177,0,77.267008284013059,25.907379306828116,0,0.50614916629241813,0,0,0.074886063585961726,77.267008284013059
5/01/2023 12:00:00 am,97.248143974768169,0.045083196335326647,0.010954207724914511,0.64671807528268732,0,77.312091480348386,25.92249555752506,0,0.45542861742125001,0,0,0.051045706553961123,77.312091480348386
6/01/2023 12:00:00 am,97.845716950992895,0.043184355340983416,0.009990616036766653,0.63076671552895491,0,77.355275835689369,25.936975132945232,0,0.41128163392867351,0,0,0.026668941488740661,77.355275835689369
7/01/2023 12:00:00 am,98.993487218673678,0.044139249422215698,0.013566124882022024,1.1783433922209836,0,77.399415085111585,25.951774881278912,0,0.78485276554392447,0,0,0,77.399415085111585
8/01/2023 12:00:00 am,99.16961453210962,0,-0.43479295404430474,0.61092026748024542,0,0,0,0,0.77503169270086014,0,0,0,0
9/01/2023 12:00:00 am,99.338092015773043,0,-0.45266496800382683,0.6211424516672579,0,0,0,0,0.70457426609169105,0,0,0,0
10/01/2023 12:00:00 am,99.518518510402274,0,-0.49980756148806549,0.68023405611729804,0,0,0,0,0.63838698654974435,0,0,0,0
11/01/2023 12:00:00 am,99.692553208310244,0,-0.48259504624972038,0.65662974415770115,0,0,0,0,0.58905708304362769,0,0,0,0
12/01/2023 12:00:00 am,99.870403895630503,0,-0.43322148487245293,0.61107217219270127,0,0,0,0,0.57243098268195891,0,0,0,0
13/01/2023 12:00:00 am,100.00440711656505,0,-0.32375994765294713,0.45776316858748706,0,0,0,0,0.56416486672375754,0,0,0,0
14/01/2023 12:00:00 am,100.14482851087112,0,-0.32525215426606024,0.46567354857212057,0,0,0,0,0.52569908035622859,0,0,0,0
15/01/2023 12:00:00 am,100.34232086434949,0,-0.37153056176784638,0.56902291524620741,0,0,0,0,0.4866699062085692,0,0,0,0
16/01/2023 12:00:00 am,100.57671581940367,0,-0.33019768991013621,0.56459264496432771,0,0,0,0,0.4372655369419417,0,0,0,0
17/01/2023 12:00:00 am,101.09594302806651,0,-0.33605836825742763,0.85528557692026164,0,0,0,0,0.79420150678856871,0,26.400000000000002,0,0
18/01/2023 12:00:00 am,101.58093533562088,0,-0.29856658288720439,0.78355889044157356,0,0,0,0,0.77133813007798868,0,0,0,0
19/01/2023 12:00:00 am,102.10635752517776,0,-0.33052190818063387,0.85594409773750801,0,0,0,0,0.69654170534315341,0,0,0,0
20/01/2023 12:00:00 am,102.61360265722332,0,-0.3160784751182053,0.82332360716377362,0,0,0,0,0.63959781493927648,0,0,0,0
21/01/2023 12:00:00 am,103.13804457189364,0,-0.32719848510957839,0.85164039977990225,0,0,0,0,0.5727307706501702,0,0,0,0
22/01/2023 12:00:00 am,103.49810910721014,0,-0.21809930237814079,0.57816383769462942,0,0,0,0,0.53368094537856769,0,0,0,0
23/01/2023 12:00:00 am,103.8392136422207,0,-0.19841146901202578,0.53951600402258404,0,0,0,0,0.5019332259362087,0,0,0,0
24/01/2023 12:00:00 am,104.13749000267966,0,-0.15919976238231115,0.4574761228412762,0,0,0,0,0.48366939210861204,0,0,0,0
25/01/2023 12:00:00 am,104.4553984564308,0,-0.14984630991776271,0.46775476366890084,0,0,0,0,0.46608141421375338,0,0,0,0
26/01/2023 12:00:00 am,104.8525658674785,0,-0.15608660929145479,0.55325402033915383,0,0,0,0,0.42724129636260727,0,0,0,0
27/01/2023 12:00:00 am,105.72848729677941,0,-0.20146920360117093,1.0773906329020781,0,0,0,0,0.78840117851146119,0,26.400000000000002,0,0
28/01/2023 12:00:00 am,106.68545006185867,0,-0.18654596306480542,1.1435087281440683,0,0,0,0,0.8131447023808217,0,0,0,0
29/01/2023 12:00:00 am,107.21893709163028,0,-0.10439425340683961,0.63788128317844595,0,0,0,0,0.77864765440102923,0,0,0,0
30/01/2023 12:00:00 am,108.04579993043065,0,-0.14997055488209909,0.97683339368247568,0,0,0,0,0.7243782724276242,0,0,0,0
31/01/2023 12:00:00 am,108.77834956809616,0,-0.12641478139048345,0.85896441905598742,0,0,0,0,0.67498884476210441,0,0,0,0
1/02/2023 12:00:00 am,109.55253690701056,0,-0.12538572103645151,0.89957305995085468,0,0,0,0,0.62896687807377916,0,0,0,0
2/02/2023 12:00:00 am,110.27158981498573,0,-0.10647153713632918,0.82552444511149814,0,0,0,0,0.59275363357862221,0,0,0,0
3/02/2023 12:00:00 am,111.22022035782325,0,-0.12829000295286619,1.0769205457903885,0,0,0,0,0.55390866133781735,0,0,0,0
4/02/2023 12:00:00 am,112.03894055821479,0,-0.09560381771703419,0.91432401810857244,0,0,0,0,0.49935705075151715,0,0,0,0
5/02/2023 12:00:00 am,112.96720768849625,0,-0.084801110625154053,1.0130682409066116,0,0,0,0,0.44488173612407889,0,0,0,0
6/02/2023 12:00:00 am,113.73996137328352,0,-0.052901378442594904,0.82565506322987348,0,0,0,0,0.41825325674610997,0,0,0,0
7/02/2023 12:00:00 am,114.90305944337543,0,-0.046570295179819254,1.2096683652717233,0,0,0,0,0.76755589229203602,0,26.400000000000002,0,0
8/02/2023 12:00:00 am,115.85785914851076,0,-0.032779095727633489,0.98757880086295868,0,0,0,0,0.6838225222238139,0,0,0,0
9/02/2023 12:00:00 am,116.44549665639565,0,-0.017376905330756642,0.60501441321565641,0,0,0,0,0.62986761506879907,0,0,0,0
10/02/2023 12:00:00 am,117.08833439054224,0,-0.014261760406586887,0.65709949455318162,0,0,0,0,0.66201059795172279,0,0,0,0
11/02/2023 12:00:00 am,117.76507792450657,0,-0.011098510176200449,0.68784204414052796,0,0,0,0,0.65827354384274694,0,0,0,0
12/02/2023 12:00:00 am,118.37388075493314,0,-0.0071186800795501881,0.61592151050610933,0,0,0,0,0.62236771417859704,0,0,0,0
13/02/2023 12:00:00 am,118.94213377198599,0,-0.0040028349233125482,0.57225585197616979,0,0,0,0,0.5761616263077618,0,0,0,0
14/02/2023 12:00:00 am,119.56042116176639,0,-0.0011113175277337461,0.61939870730812741,0,0,0,0,0.53949679554272245,0,0,0,0
15/02/2023 12:00:00 am,120.21763516448485,0,0.0022946283877267604,0.65491937433072633,0,0,0,0,0.5673067848294816,0,0,0,0
16/02/2023 12:00:00 am,121.03578948325116,0,0.0044679527193451918,0.81368636604698485,0,0,0,0,0.87390645855357074,0,0,0,0
17/02/2023 12:00:00 am,121.79903060923425,0,0.0066639223219091548,0.75657720366118253,0,0,0,0,0.81432192728855457,0,0,0,0
18/02/2023 12:00:00 am,122.42776753739068,0,0.0075914758609663124,0.62114545229546181,0,0,0,0,0.77786995505638223,0,0,0,0
19/02/2023 12:00:00 am,123.23086077243312,0,0.012176531875205399,0.79091670316723961,0,0,0,0,0.72601195805262342,0,0,0,0
20/02/2023 12:00:00 am,124.16338151314602,0,0.018399200447465347,0.91412154026544468,0,0,0,0,0.66661097966649963,0,0,0,0
21/02/2023 12:00:00 am,124.95855391478153,0,0.019605479040414764,0.77556692259508964,0,0,0,0,0.6171201645094414,0,0,0,0
22/02/2023 12:00:00 am,126.028157097502,0,0.027893205265126397,1.0417099774553373,0,0,0,0,0.67662026927061847,0,0,0,0
23/02/2023 12:00:00 am,119.71730674272128,0,0.01433542350713779,0.64528018344094362,0,0,0,6.9704659617288094,1,10.112655475663146,0,0,0
24/02/2023 12:00:00 am,111.89794222089637,0,0.015500756871780652,0.66937833009145209,0,0,0,8.5042436087881246,1,13.200000000000003,0,0,0
25/02/2023 12:00:00 am,112.60233707824293,0,0.016580421633445752,0.6878144357131144,0,0,0,0,0.97121212121212108,0,0,0,0
26/02/2023 12:00:00 am,113.41699571727943,0,0.0202869824213181,0.79437165661519482,0,0,0,0,0.91970844811753893,0,0,0,0
27/02/2023 12:00:00 am,114.26928218018908,0,0.023001553268979791,0.82928490964066337,0,0,0,0,0.87929701630631374,0,0,0,0
28/02/2023 12:00:00 am,115.02553503144875,0,0.022757808908728805,0.73349504235094976,0,0,0,0,0.8313353608714239,0,0,0,0
1/03/2023 12:00:00 am,115.85152679974314,0,0.026877661320742874,0.79911410697364826,0,1.988447777853191,1.844751356406769,0,0.78337715656008189,0,0,0.0096221978980327166,1.988447777853191
2/03/2023 12:00:00 am,116.53504027178816,0.17164332610881639,0.030752393808441525,0.82440440434540108,0,2.1600911039620074,2.003990770277253,0,0.72618004702121974,0,0,0.014232569152513927,2.1600911039620074
3/03/2023 12:00:00 am,117.29025574243667,0.21524243707383794,0.038644095307326154,0.93181381241502592,0,2.3753335410358454,2.203678578109427,0,0.67070469455808013,0,0,0.022257711411906751,2.3753335410358454
4/03/2023 12:00:00 am,117.95329652491483,0.22505090014458196,0.037446842451785756,0.85064484017096231,0,2.6003844411804273,2.412466034298248,0,0.65176164677564064,0,0,0.033971222596079938,2.6003844411804273
5/03/2023 12:00:00 am,118.50163238776,0.17607763106296836,0.026112194502669439,0.69830129940546148,0,2.7764620722433957,2.5758193053039316,0,0.82546538666565761,0,0,0.045988434948394767,2.7764620722433957
6/03/2023 12:00:00 am,115.97677218482083,0.12225928558322163,0.018741360491844716,0.52509764864044339,0,2.8987213578266173,2.6892434472024282,2.9464399264882286,1,4.4125222909273418,0,0.056012669379218331,2.8987213578266173
7/03/2023 12:00:00 am,116.57544633772314,0.18258594906067671,0.025140705395536145,0.75611939656745497,0,3.081307306887294,2.858634708538017,0,0.95151515151515154,0,0,0.073809464716055831,3.081307306887294
8/03/2023 12:00:00 am,117.21920642514144,0.22222016462321648,0.02919609899366904,0.83678415304785991,0,3.3035274715105105,3.0647959940771341,0,0.90224690826733411,0,0,0.10041062385046547,3.3035274715105105
9/03/2023 12:00:00 am,118.17541763333502,0.33632491824829769,0.04563659227324024,1.246899534168634,0,3.6398523897588082,3.3768161819051441,0,0.85664501787358016,0,0,0.15157894572618114,3.6398523897588082
10/03/2023 12:00:00 am,118.85001044313809,0.3042311309130068,0.035862602710828639,0.9429613380052484,0,3.944083520671815,3.6590618599982663,0,0.84324310170427674,0,0,0.20890700233925874,3.944083520671815
11/03/2023 12:00:00 am,119.30894176691862,0.26971672263511781,0.029124916697782055,0.69952312971787212,0,4.2138002433069328,3.9092873350992052,0,0.80435071486460807,0,0,0.26725444653827357,4.2138002433069328
12/03/2023 12:00:00 am,119.82600133447606,0.34598320444083086,0.036041757056352708,0.82700101494191047,0,4.5597834477477637,4.2302678470316168,0,0.75410497476032923,0,0,0.34929059577352023,4.5597834477477637
13/03/2023 12:00:00 am,120.3975185610517,0.38591804714585543,0.037876190089470185,0.91955908363201921,0,4.9457014948936191,4.5882972853016977,0,0.80088265781070422,0,0,0.44452843973476952,4.9457014948936191
14/03/2023 12:00:00 am,120.71726524198831,0.23763849706538664,0.022176694135140451,0.53520848386686304,0,5.1833399919590057,4.8087626878525933,0,0.89040040265085252,0,0,0.50215725834026415,5.1833399919590057
15/03/2023 12:00:00 am,121.10264002593617,0.328105698520198,0.028076173714651986,0.6854043087534073,0,5.5114456904792037,5.1131576230031675,0,0.8470510768401226,0,0,0.57741786207114865,5.5114456904792037
16/03/2023 12:00:00 am,121.47316918713479,0.37814107995783974,0.030617789571458331,0.71805245158500253,0,5.8895867704370435,5.4639721014796798,0,0.80542952192526818,0,0,0.65510826693409796,5.8895867704370435
17/03/2023 12:00:00 am,121.95724923973619,0.52694257971551295,0.042103059358701955,0.96891957295819575,0,6.4165293501525564,5.9528348463329381,0,0.76874835397258479,0,0,0.74439008640051529,6.4165293501525564
18/03/2023 12:00:00 am,122.31472996658619,0.53934429457080313,0.039234210672702829,0.85759081074809973,0,6.9558736447233596,6.453203088366398,0,0.73367776744240087,0,0,0.813611595458407,6.9558736447233596
19/03/2023 12:00:00 am,122.47305900667146,0.44596019485192606,0.029247799864741353,0.57504143507245453,0,7.4018338395752856,6.8669356910122277,0,0.68413075519935806,0,0,0.85654574876576184,7.4018338395752856
20/03/2023 12:00:00 am,122.63124775007215,0.58983046294702568,0.037275959220533395,0.71074324712716408,0,7.9916643025223113,7.414141686910348,0,0.63427492743718139,0,0,0.89802615229614946,7.9916643025223113
21/03/2023 12:00:00 am,122.71384881113609,0.64345353698890406,0.038021890477622833,0.68803270757522172,0,8.6351178395112154,8.0110956518902867,0,0.59311071448823571,0,0,0.92894086329415604,8.6351178395112154
22/03/2023 12:00:00 am,122.82501109709942,0.43448278408050101,0.023944417911224036,0.5217006521326023,0,9.0696006235917164,8.414180266027472,0,0.80112609042883509,0,0,0.94387525839242103,9.0696006235917164
23/03/2023 12:00:00 am,122.89327407035546,0.416501952385536,0.022384468049207129,0.46238045759235613,0,9.4861025759772524,8.8005834445101456,0,0.77720946909088839,0,0,0.9549484399816256,9.4861025759772524
24/03/2023 12:00:00 am,122.93793667908322,0.53901349627669859,0.02665967512249523,0.55701642988194799,0,10.025116072253951,9.300644793594973,0,0.74112305061409123,0,0,0.96578179576586742,10.025116072253951
25/03/2023 12:00:00 am,122.92842230160986,0.61640876311449944,0.028795538061416437,0.57809884757972319,0,10.64152483536845,9.8725083921875267,0,0.69446100281828138,0,0,0.97469859649820179,10.64152483536845
26/03/2023 12:00:00 am,122.86508398554304,0.70284685987270912,0.031080881485163303,0.60842766232072742,0,11.34437169524116,10.524563584452249,0,0.66131318482153001,0,0,0.9817847798520114,11.34437169524116
27/03/2023 12:00:00 am,122.73758005044753,0.67477429754148943,0.028100317674184083,0.51917004477179329,0,12.019145992782649,11.150574895647965,0,0.6296402911795832,0,0,0.98651792859983756,12.019145992782649
28/03/2023 12:00:00 am,122.54214968755976,0.77857073035101898,0.030727062027008145,0.55241330543623923,0,12.797716723133668,11.872881725563461,0,0.5919516920394795,0,0,0.99031639746502065,12.797716723133668
29/03/2023 12:00:00 am,121.2149512723646,0.37228390409773482,0.017101517352614337,0.40463031049610337,0,13.170000627231403,12.218262300654134,1.3766463389461374,1,1.9725432386352395,0,0.99168644773226478,13.170000627231403
30/03/2023 12:00:00 am,120.75806792731666,0.47625912462225628,0.019248387365042419,0.48681899931026873,0,13.646259751853659,12.660104261973609,0.48669160710099563,1,0.69999999999998863,0,0.9931260899446096,13.646259751853659
31/03/2023 12:00:00 am,120.76968745099319,0.57490907506653954,0.021281076049460168,0.5652475226936039,0,14.221168826920199,13.193467173412294,0,0.96666666666666667,0,0,0.99449742855649892,14.221168826920199
1/04/2023 12:00:00 am,120.76829455482924,0.755860708039652,0.025637046339308966,0.72883076553639259,0,14.977029534959851,13.894705134972519,0,0.96818664064246263,0,0,0.9958484904018241,14.977029534959851
2/04/2023 12:00:00 am,120.77141306500442,1.0882618007473788,0.035661524323606031,1.0557187865989619,0,16.065291335707229,14.904323016525263,0,0.94091717749594583,0,0,0.99717843470150036,16.065291335707229
3/04/2023 12:00:00 am,120.63365986142746,0.90650138120476242,0.027314054170838986,0.7414341234569608,0,16.971792716911992,15.745315508853899,0,0.89849814288390584,0,0,0.99792231365837591,16.971792716911992
4/04/2023 12:00:00 am,120.4847045857348,0.64020377460791167,0.01981970780954434,0.47142879110571123,0,17.611996491519903,16.339254557562413,0,0.87123008499991539,0,0,0.99831322376538656,17.611996491519903
5/04/2023 12:00:00 am,120.22152128615829,1.0064490783408075,0.027870646108873132,0.71539513265543009,0,18.618445569860711,17.272971964226247,0,0.84093185330576836,0,0,0.99877025551234089,18.618445569860711
6/04/2023 12:00:00 am,119.86428015298191,1.153000780665284,0.0304879027099485,0.76527174477894422,0,19.771446350525995,18.342650422851264,0,0.80457324836547939,0,0,0.99913015808049344,19.771446350525995
7/04/2023 12:00:00 am,119.50542230105341,0.92828532834262489,0.023506272904141312,0.54592120350999429,0,20.69973167886862,19.203852631762881,0,0.78336467395844711,0,0,0.99933453573348641,20.69973167886862
8/04/2023 12:00:00 am,119.1422669762344,0.85083510061987866,0.021202759889673573,0.46647701591117757,0,21.550566779488499,19.993201602064524,0,0.76215496367598745,0,0,0.99947534820527073,21.550566779488499
9/04/2023 12:00:00 am,118.72229008487552,0.92048241499413663,0.021893069994122882,0.47861245364114735,0,22.471049194482635,20.847164780037602,0,0.74245990893103575,0,0,0.9995912437677118,22.471049194482635
10/04/2023 12:00:00 am,118.14419488626466,1.1982214769622992,0.026762415457911359,0.59336386289353016,0,23.669270671444934,21.958796033078798,0,0.70458473239311781,0,0,0.99970145769634733,23.669270671444934
11/04/2023 12:00:00 am,117.46284489306052,1.3549255269093337,0.029038851058876602,0.6445366826463359,0,25.024196198354268,23.215807019957573,0,0.68640443262942574,0,0,0.99978797728292224,25.024196198354268
12/04/2023 12:00:00 am,116.78327226755962,1.2401848706934118,0.025325997565712299,0.53528624762679811,0,26.26438106904768,24.366369155854784,0,0.6621631995971019,0,0,0.99984330959441892,26.26438106904768
13/04/2023 12:00:00 am,116.00628325089789,1.3769763008918048,0.027005861717125157,0.57298142251293394,0,27.641357369939485,25.64383740375245,0,0.64701261162339252,0,0,0.99988679124228075,27.641357369939485
14/04/2023 12:00:00 am,115.33000383283796,1.1974858487420619,0.022754416340521999,0.4984520143416043,0,28.838843218681546,26.754786189206513,0,0.69398263069683341,0,0,0.9999139635506139,28.838843218681546
15/04/2023 12:00:00 am,114.59441713501649,1.2626507887420644,0.023127605756247505,0.50393648516433975,0,30.101494007423611,27.926190729543386,0,0.67883141643828948,0,0,0.99993510519962192,30.101494007423611
16/04/2023 12:00:00 am,113.71861348895294,1.4545401663527144,0.025615217607889207,0.55312130268126947,0,31.556034173776325,29.275617641687024,0,0.64549858938170557,0,0,0.99995270925221236,31.556034173776325
17/04/2023 12:00:00 am,112.73551809674744,1.5646963254314272,0.026630263042783042,0.55497067018315949,0,33.120730499207752,30.727240209225943,0,0.60458999077686026,0,0,0.99996605343894696,33.120730499207752
18/04/2023 12:00:00 am,111.65940107553561,1.6516983804050014,0.027193452034307342,0.54838790715885566,0,34.772428879612754,32.259577573859488,0,0.56822670140679687,0,0,0.99997586726932686,34.772428879612754
19/04/2023 12:00:00 am,110.50917032462655,1.9120732521550465,0.03098832806806584,0.73085417317793344,0,36.6845021317678,34.033473657401771,0,0.66368151533464059,0,0,0.99998358468413817,36.6845021317678
20/04/2023 12:00:00 am,109.57221921510572,1.4446688670407468,0.022209134243828643,0.48550862327608313,0,38.129170998808547,35.373742625847768,0,0.64095433694062931,0,0,0.99998765853291438,38.129170998808547
21/04/2023 12:00:00 am,108.57358088391234,1.6235448063656648,0.024236167531979547,0.60067030764030471,0,39.752715805174212,36.879960952065922,0,0.71065136541107243,0,0,0.99999099685257864,39.752715805174212
22/04/2023 12:00:00 am,107.80563978829315,1.4896668180147756,0.021779280010413515,0.6999464423851639,0,41.242382623188988,38.261976066435103,0,0.92125744085456063,0,0,0.99999323120894468,41.242382623188988
23/04/2023 12:00:00 am,106.90719661567159,1.7191325545256859,0.024508813411483032,0.79618056849264174,0,42.961515177714674,39.856874432450141,0,0.89853017687888881,0,0,0.9999951097545503,42.961515177714674
24/04/2023 12:00:00 am,106.16053678161506,1.4552059920919902,0.020473018031413659,0.68807314000405373,0,44.416721169806664,41.206919054019856,0,0.9500453409911942,0,0,0.99999627559593629,44.416721169806664
25/04/2023 12:00:00 am,105.63629324231594,0.97846171279650207,0.015177424780713267,0.43904074871666443,0,45.395182882603166,42.114671619602547,0,0.91519686154790669,0,0,0.9999968950711674,45.395182882603166
26/04/2023 12:00:00 am,104.72267848798036,1.7354020085818007,0.023519392823253327,0.79826786142296313,0,47.130584891184967,43.724663717407921,0,0.91368171611169702,0,0,0.99999774710627953,47.130584891184967
27/04/2023 12:00:00 am,104.23692117396061,0.89492324571489235,0.01410214611030014,0.39506378558483446,0,48.025508136899859,44.554914775444203,0,0.89853020345922696,0,0,0.99999808919994726,48.025508136899859
28/04/2023 12:00:00 am,103.60727817227365,1.1139974798432988,0.01591512737721068,0.46843935077911791,0,49.139505616743158,45.588408531158201,0,0.881863539426333,0,0,0.99999844262661997,49.139505616743158
29/04/2023 12:00:00 am,102.69051609729993,1.6331871214141742,0.021392374940232273,0.69503267150022396,0,50.772692738157332,47.103572364501424,0,0.87125748026694227,0,0,0.9999988454005162,50.772692738157332
30/04/2023 12:00:00 am,101.84296542386734,1.4519028908487854,0.019018668778361558,0.58533354863783094,0,52.224595629006117,48.450552585503729,0,0.84398475610172552,0,0,0.9999991149617723,52.224595629006117
1/05/2023 12:00:00 am,101.17640553699462,1.1275866079813852,0.015579077886005877,0.44544764322266539,0,53.352182236987503,49.496653442517704,0,0.83489384803170619,0,0,0.99999928021221007,53.352182236987503
2/05/2023 12:00:00 am,100.29238461546537,1.5175598891291315,0.019471911735678304,0.61406705586419685,0,54.869742126116634,50.904545917783992,0,0.83943930325842331,0,0,0.99999945534028645,54.869742126116634
3/05/2023 12:00:00 am,99.134235759112897,2.0690422052194535,0.026824882329107069,0.88406846653787863,0,56.938784331336088,52.824067494891878,0,0.81671203188744446,0,0,0.99999962832169031,56.938784331336088
4/05/2023 12:00:00 am,97.963485822067923,2.03874709962286,0.026255965679778726,0.84174119689811133,0,58.977531430958948,54.715483261143547,0,0.78489385155162184,0,0,0.99999974581838624,58.977531430958948
5/05/2023 12:00:00 am,96.988837911687042,1.6110645552722929,0.020263152606895929,0.61615349228450467,0,60.58859598623124,56.210123229413753,0,0.76519688264964814,0,0,0.99999981236551994,60.58859598623124
6/05/2023 12:00:00 am,95.921624560043909,1.7881751581695369,0.022597161386245901,0.69836464514016361,0,62.376771144400777,57.869074792168689,0,0.75004536806758915,0,0,0.99999986661128437,62.376771144400777
7/05/2023 12:00:00 am,94.973290744082021,1.5561512457385973,0.019633586750183341,0.5881838430265246,0,63.932922390139375,59.312769795539459,0,0.73640900484231142,0,0,0.99999990132149374,63.932922390139375
8/05/2023 12:00:00 am,94.052507482860733,1.5368957609825813,0.019473073446290456,0.59663942631499001,0,65.469818151121956,60.738600823794798,0,0.74398476262193425,0,0,0.99999992707800311,65.469818151121956
9/05/2023 12:00:00 am,92.877145177573183,2.0607750969143126,0.02752563870931013,0.85788715291745432,0,67.530593248036269,62.650452720346159,0,0.70913627820330805,0,0,0.99999995181899848,67.530593248036269
10/05/2023 12:00:00 am,91.953190232492972,1.6128019391699127,0.02083488607810402,0.66801210801159883,0,69.143395187206181,64.146704519380734,0,0.74095446031077183,0,0,0.99999996545206071,69.143395187206181
11/05/2023 12:00:00 am,90.828806359831006,0.87057580099519782,0.012733043527722643,0.46716003702341452,0,70.013970988201379,64.954367616007147,0.73370115221790655,1,1.4029943857279648,0,0.99999997122937778,70.013970988201379
12/05/2023 12:00:00 am,90.522218768261098,0.72272295019875799,0.011505048132750773,0.40463031049610337,0,70.736693938400137,65.624862540507934,0,0.9893939393939396,0,0,0.99999997533401153,70.736693938400137
13/05/2023 12:00:00 am,90.122972932156557,0.91172771213228998,0.013109695948266165,0.49937218007947665,0,71.648421650532427,66.470703679693173,0,0.97878787879015738,0,0,0.99999997974425203,71.648421650532427
14/05/2023 12:00:00 am,89.731983624182192,0.91112413351679322,0.013131894178979309,0.5070029313634381,0,72.55954578404922,67.315984858248783,0,0.96515151515858977,0,0,0.99999998341957763,72.55954578404922
15/05/2023 12:00:00 am,86.113470459194758,1.0616255722512449,0.014687351533355653,0.60157596767645782,0,73.621171356300465,68.300891395005308,3.1731509119460002,1,6.4000000009679496,0,0.9999999869298426,73.621171356300465
16/05/2023 12:00:00 am,84.665840412003419,0.61831238933145016,0.010659324769390466,0.37869799299804158,0,74.239483745631915,68.874521053076478,1.218674975627329,1,2.5000000000000142,0,0.99999998864884787,74.239483745631915
17/05/2023 12:00:00 am,84.368116765000821,0.76233983305193931,0.011858357424999966,0.452757828624341,0,75.001823578683855,69.581769921630539,0,0.98333333333333339,0,0,0.99999999048580668,75.001823578683855
18/05/2023 12:00:00 am,83.907039389654642,1.2395889527788313,0.017126991472331099,0.76138458596031811,0,76.241412531462686,70.731779203993696,0,0.9742424242438571,0,0,0.99999999290834096,76.241412531462686
19/05/2023 12:00:00 am,83.568031851968001,0.9149976738493848,0.013477971835586189,0.56251216432716089,0,77.156410205312071,71.580653999068815,0,0.97424242424474317,0,0,0.99999999432484254,77.156410205312071
20/05/2023 12:00:00 am,81.838591879541937,0.88895187023302924,0.013302354424983065,0.55978522139001374,0,78.0453620755451,72.405365206804532,1.4135756780080297,1,3.0000000001881801,0,0.99999999545351814,78.0453620755451
21/05/2023 12:00:00 am,76.080295143078899,0.83390851003694877,0.012815743085756282,0.53827181730066009,0,78.879270585582049,73.179010797170861,5.4754757868124972,1,12.5,0,0.99999999632622205,78.879270585582049
22/05/2023 12:00:00 am,75.916950946536915,0.56515257118726936,0.010285338734389526,0.39152303591089921,0,79.444423156769318,73.703322264580919,0,0.99090909090909074,0,0,0.99999999682994289,79.444423156769318
23/05/2023 12:00:00 am,75.733502604940739,0.62367218792229551,0.010823658756679677,0.42940018756943849,0,80.068095344691613,74.281924392047884,0,0.97727272727305992,0,0,0.99999999731419797,80.068095344691613
24/05/2023 12:00:00 am,75.51173675727452,0.74858773615113705,0.01211381971864256,0.51470806876627972,0,80.816683080842751,74.976414967578734,0,0.96363636363737548,0,0,0.99999999780861426,80.816683080842751
25/05/2023 12:00:00 am,75.29618444776267,0.7605212838112152,0.012338145801718881,0.53263082849764432,0,81.577204364653966,75.681976705489532,0,0.95606060606210619,0,0,0.99999999822734686,81.577204364653966
26/05/2023 12:00:00 am,75.041454208339289,0.92509880383259713,0.014520161352079342,0.65584840305713754,0,82.502303168486563,76.540222666076403,0,0.9333333333361904,0,0,0.99999999864120381,82.502303168486563
