Year,DOY,MeanT,Rain,MeanPET
2019,1,19.299999999999997,0.0,2.9
2019,2,20.75,0.0,3.2
2019,3,19.75,0.0,5.0
2019,4,20.2,0.0,2.8
2019,5,17.4,0.0,5.3
2019,6,18.5,0.0,4.9
2019,7,20.7,0.0,4.8
2019,8,20.75,0.0,4.7
2019,9,18.5,0.0,5.7
2019,10,22.05,0.0,4.8
2019,11,22.0,0.0,4.9
2019,12,20.5,0.0,4.4
2019,13,21.6,0.0,5.3
2019,14,21.2,8.4,4.3
2019,15,16.049999999999997,15.2,3.1
2019,16,17.15,0.0,2.6
2019,17,19.549999999999997,0.0,5.0
2019,18,19.9,0.0,4.9
2019,19,20.4,0.0,2.5
2019,20,21.75,0.0,5.3
2019,21,19.700000000000003,0.6,4.5
2019,22,20.25,0.0,5.2
2019,23,18.95,0.0,5.2
2019,24,21.1,2.2,3.7
2019,25,16.6,0.0,3.9
2019,26,17.85,0.0,4.6
2019,27,17.95,0.0,3.6
2019,28,20.85,0.6,3.2
2019,29,21.05,0.0,3.7
2019,30,23.549999999999997,0.0,4.9
2019,31,23.299999999999997,0.0,4.8
2019,32,22.6,0.0,3.8
2019,33,20.7,0.0,5.1
2019,34,22.05,0.0,4.6
2019,35,20.450000000000003,0.0,4.5
2019,36,21.35,0.0,4.9
2019,37,21.0,0.0,4.8
2019,38,22.05,0.4,5.2
2019,39,16.75,1.6,2.4
2019,40,19.1,0.0,3.7
2019,41,19.05,0.0,2.9
2019,42,20.4,0.0,4.9
2019,43,20.55,0.0,5.1
2019,44,20.55,0.0,3.8
2019,45,20.15,0.0,4.6
2019,46,21.2,0.0,4.8
2019,47,20.75,0.0,4.5
2019,48,18.6,0.0,5.1
2019,49,20.95,0.4,3.6
2019,50,19.2,0.0,4.1
2019,51,19.95,0.0,4.7
2019,52,22.65,0.0,3.1
2019,53,22.75,2.2,3.2
2019,54,20.1,7.8,1.4
2019,55,17.3,2.0,1.8
2019,56,16.45,0.0,3.8
2019,57,18.2,0.0,4.7
2019,58,16.4,0.0,4.8
2019,59,18.65,0.4,4.0
2019,60,18.35,0.0,5.3
2019,61,17.6,0.0,3.9
2019,62,18.05,0.0,4.8
2019,63,18.4,0.0,4.2
2019,64,17.9,0.0,3.3
2019,65,17.0,0.0,4.1
2019,66,20.0,0.0,3.8
2019,67,21.9,4.6,2.9
2019,68,17.35,20.0,1.0
2019,69,17.05,4.6,2.2
2019,70,17.9,0.0,3.4
2019,71,19.5,0.0,3.6
2019,72,20.1,0.0,2.9
2019,73,20.2,0.0,2.4
2019,74,21.1,0.0,3.3
2019,75,21.55,0.0,3.3
2019,76,21.25,0.0,2.2
2019,77,22.05,0.4,3.0
2019,78,21.049999999999997,2.0,1.9
2019,79,19.0,0.0,1.4
2019,80,19.0,0.0,2.3
2019,81,21.1,0.0,3.0
2019,82,19.8,0.0,2.9
2019,83,19.1,0.0,3.2
2019,84,19.45,0.0,1.9
2019,85,20.25,0.0,3.0
2019,86,19.4,0.0,3.1
2019,87,20.049999999999997,4.2,2.4
2019,88,19.049999999999997,10.2,1.6
2019,89,20.35,0.0,3.0
2019,90,20.0,0.0,2.6
2019,91,21.549999999999997,12.4,3.2
2019,92,18.25,26.0,0.6
2019,93,16.1,0.0,3.1
2019,94,15.75,0.2,2.3
2019,95,15.799999999999999,0.0,2.8
2019,96,17.45,1.0,2.6
2019,97,14.1,0.8,1.4
2019,98,12.75,0.0,2.4
2019,99,14.1,0.0,2.4
2019,100,14.9,0.0,2.2
2019,101,16.15,0.0,1.7
2019,102,15.799999999999999,16.6,1.1
2019,103,14.3,3.0,2.0
2019,104,11.299999999999999,0.0,2.5
2019,105,14.1,0.0,2.2
2019,106,13.7,0.0,2.4
2019,107,14.85,0.0,2.3
2019,108,14.75,0.0,2.4
2019,109,14.6,0.0,2.5
2019,110,14.2,0.0,2.2
2019,111,14.4,0.0,1.8
2019,112,17.95,3.0,2.2
2019,113,12.9,11.4,0.5
2019,114,14.2,0.0,1.2
2019,115,16.4,0.0,1.8
2019,116,17.3,0.0,1.4
2019,117,16.85,0.0,1.4
2019,118,18.15,2.0,1.7
2019,119,14.850000000000001,0.0,1.0
2019,120,14.0,13.6,1.0
2019,121,12.15,0.0,2.2
2019,122,11.65,0.0,1.7
2019,123,13.5,0.0,1.4
2019,124,14.35,0.0,1.5
2019,125,14.1,0.0,1.2
2019,126,16.299999999999997,0.0,1.5
2019,127,14.700000000000001,0.0,1.1
2019,128,16.15,0.0,1.3
2019,129,15.75,0.0,1.4
2019,130,17.7,3.4,1.9
2019,131,16.200000000000003,0.0,1.5
2019,132,16.6,0.0,1.3
2019,133,17.2,15.8,1.0892857142857142
2019,134,13.85,0.4,1.1821428571428572
2019,135,13.2,1.4,1.1535714285714285
2019,136,16.35,0.6,1.0206896551724138
2019,137,14.600000000000001,4.4,1.1321428571428571
2019,138,11.55,0.2,1.103448275862069
2019,139,14.149999999999999,4.0,1.082142857142857
2019,140,14.3,0.6,1.1481481481481481
2019,141,12.95,0.0,0.9821428571428571
2019,142,13.55,0.0,0.9928571428571429
2019,143,12.8,0.2,0.9500000000000001
2019,144,12.450000000000001,0.0,0.9821428571428571
2019,145,13.05,0.0,1.0642857142857143
2019,146,12.2,0.0,1.025
2019,147,14.600000000000001,0.2,1.037037037037037
2019,148,15.2,0.4,0.9392857142857143
2019,149,16.0,3.6,0.9249999999999999
2019,150,13.7,0.0,0.8862068965517241
2019,151,15.75,17.8,1.3
2019,152,12.05,17.2,0.4
2019,153,10.0,8.6,1.2
2019,154,7.800000000000001,0.0,0.9
2019,155,9.5,0.0,0.9
2019,156,12.0,1.8,0.6
2019,157,11.600000000000001,26.4,0.0
2019,158,11.649999999999999,12.6,1.0
2019,159,11.7,3.8,1.1
2019,160,11.7,0.2,1.0
2019,161,12.7,0.0,1.1
2019,162,12.05,0.0,0.7
2019,163,13.7,0.0,0.7
2019,164,10.4,0.6,0.4
2019,165,11.0,0.0,0.7
2019,166,12.6,0.0,0.8
2019,167,14.049999999999999,1.4,0.4
2019,168,12.95,0.2,1.4
2019,169,10.0,1.0,1.1
2019,170,10.05,0.0,0.8
2019,171,10.15,0.0,1.1
2019,172,12.899999999999999,3.0,1.4
2019,173,10.9,0.6,0.2
2019,174,11.05,1.0,0.6
2019,175,11.0,8.2,0.7
2019,176,10.850000000000001,0.0,0.7
2019,177,9.75,0.0,1.0
2019,178,8.55,0.0,0.8
2019,179,10.65,0.0,0.7
2019,180,10.55,0.0,1.0
2019,181,9.85,0.0,0.9
2019,182,10.9,0.0,1.1
2019,183,13.3,0.8,1.1
2019,184,14.350000000000001,0.2,0.8
2019,185,16.35,24.6,0.4
2019,186,11.5,37.4,0.0
2019,187,6.3,0.6,0.4
2019,188,8.15,0.0,0.8
2019,189,10.5,2.0,0.8
2019,190,10.15,0.8,0.8
2019,191,9.75,0.2,0.6
2019,192,11.75,3.4,0.7
2019,193,12.2,0.0,0.8
2019,194,9.75,26.6,0.0
2019,195,13.6,0.0,1.1
2019,196,11.85,22.2,0.1
2019,197,13.1,6.0,1.1
2019,198,12.1,6.4,0.8
2019,199,10.899999999999999,6.0,1.4
2019,200,12.5,0.0,0.9
2019,201,11.0,13.8,0.2
2019,202,10.05,1.8,0.8
2019,203,10.350000000000001,0.0,0.8
2019,204,10.55,0.0,0.9
2019,205,10.45,0.0,0.9
2019,206,10.1,0.0,1.0
2019,207,11.65,0.6,0.7
2019,208,12.85,0.0,1.0
2019,209,12.0,0.0,1.3
2019,210,12.15,0.0,1.1
2019,211,12.7,1.2,1.1
2019,212,11.3,7.8,0.6
2019,213,7.5,3.8,0.9
2019,214,8.85,2.6,1.0
2019,215,11.65,5.4,1.2
2019,216,11.45,6.0,1.4
2019,217,10.25,12.4,0.8
2019,218,9.4,9.0,1.6
2019,219,9.3,4.4,1.3
2019,220,12.05,14.2,1.1
2019,221,12.9,16.6,1.0
2019,222,12.600000000000001,6.8,0.4
2019,223,14.05,6.8,1.5
2019,224,13.75,3.8,1.2
2019,225,12.149999999999999,9.4,1.6
2019,226,12.2,7.6,1.6
2019,227,10.65,2.0,1.4
2019,228,11.0,2.0,1.0
2019,229,10.850000000000001,1.8,1.2
2019,230,11.05,9.8,1.0
2019,231,6.25,1.4,0.7
2019,232,9.8,0.0,1.9
2019,233,12.05,17.2,1.6
2019,234,12.149999999999999,11.4,1.6
2019,235,10.55,18.8,0.7
2019,236,9.350000000000001,2.4,0.2
2019,237,12.45,0.2,2.4
2019,238,13.0,1.6,1.5
2019,239,11.649999999999999,1.2,1.1
2019,240,9.8,0.0,1.6
2019,241,10.1,1.8,1.3
2019,242,10.55,0.0,1.5
2019,243,12.75,1.4,1.2
2019,244,9.6,0.0,1.9
2019,245,11.55,0.0,1.8
2019,246,13.95,0.0,2.1
2019,247,14.6,11.4,1.8
2019,248,16.4,0.2,1.8
2019,249,14.2,24.4,1.8
2019,250,10.95,2.0,2.2
2019,251,11.7,9.8,2.0
2019,252,13.35,15.4,1.1
2019,253,12.65,11.2,1.7
2019,254,8.8,0.0,1.7
2019,255,11.55,0.8,1.7
2019,256,12.9,0.0,2.6
2019,257,13.05,0.4,1.9
2019,258,12.399999999999999,1.2,2.4
2019,259,12.4,0.4,2.0
2019,260,13.450000000000001,0.0,2.3
2019,261,12.35,1.0,1.3
2019,262,13.5,0.0,3.1
2019,263,10.0,0.0,1.2
2019,264,11.4,0.0,1.6
2019,265,11.299999999999999,0.0,3.1
2019,266,12.25,0.0,2.2
2019,267,14.5,24.0,2.6
2019,268,11.850000000000001,21.4,1.1
2019,269,11.25,7.4,2.8
2019,270,11.350000000000001,5.2,2.8
2019,271,12.45,2.4,2.4
2019,272,11.950000000000001,0.0,2.7
2019,273,14.549999999999999,0.6,2.0
2019,274,13.450000000000001,7.0,1.8
2019,275,10.55,6.2,2.6
2019,276,9.1,4.6,2.6
2019,277,10.100000000000001,1.2,2.0
2019,278,11.95,0.0,2.6
2019,279,13.100000000000001,2.8,1.8
2019,280,13.95,0.0,2.9
2019,281,13.45,0.6,1.8
2019,282,12.85,0.0,1.4
2019,283,17.4,0.0,3.5
2019,284,16.55,10.2,2.0
2019,285,14.399999999999999,0.0,1.3
2019,286,13.35,0.2,2.9
2019,287,14.0,0.0,3.5
2019,288,13.1,17.8,1.2
2019,289,13.399999999999999,14.0,1.1
2019,290,13.700000000000001,0.0,2.8
2019,291,13.4,0.0,1.5
2019,292,16.6,1.6,3.2
2019,293,14.95,0.8,2.4
2019,294,13.899999999999999,0.0,3.3
2019,295,14.600000000000001,3.6,3.3
2019,296,12.3,14.2,3.6
2019,297,11.8,2.0,3.7
2019,298,13.25,0.6,3.7
2019,299,13.05,0.0,3.7
2019,300,12.799999999999999,0.0,3.9
2019,301,15.65,0.0,3.9
2019,302,15.65,1.8,2.1
2019,303,13.0,0.0,3.3
2019,304,14.55,0.0,4.3
2019,305,14.45,0.0,5.3
2019,306,13.7,0.0,3.7
2019,307,14.95,0.0,4.9
2019,308,15.45,0.0,4.8
2019,309,17.3,0.0,4.9
2019,310,17.200000000000003,0.0,5.1
2019,311,19.65,0.0,3.9
2019,312,20.6,0.0,5.6
2019,313,20.35,0.0,4.9
2019,314,19.700000000000003,7.0,3.8
2019,315,16.45,22.4,2.0
2019,316,12.85,7.0,3.1
2019,317,11.95,1.0,3.4
2019,318,15.399999999999999,6.4,4.3
2019,319,15.75,2.6,3.7
2019,320,14.2,0.0,5.2
2019,321,15.75,0.0,2.7
2019,322,19.0,10.6,3.3
2019,323,11.8,8.6,1.0
2019,324,12.45,0.0,3.6
2019,325,14.45,0.6,2.2
2019,326,12.4,0.0,5.4
2019,327,14.45,0.0,4.1
2019,328,16.9,0.0,5.1
2019,329,16.65,0.0,4.6
2019,330,16.3,0.0,5.3
2019,331,17.1,0.0,3.9
2019,332,18.65,0.0,4.8
2019,333,19.4,0.0,3.3
2019,334,18.0,4.2,3.4
2019,335,19.549999999999997,0.0,5.0
2019,336,19.95,9.2,4.6
2019,337,20.5,0.0,4.5
2019,338,18.049999999999997,8.0,4.1
2019,339,17.9,0.0,5.4
2019,340,19.9,0.0,5.4
2019,341,21.65,0.0,4.9
2019,342,21.5,0.0,4.4
2019,343,19.25,4.6,3.9
2019,344,16.0,0.0,5.2
2019,345,16.65,0.0,5.5
2019,346,17.6,0.0,6.3
2019,347,19.55,0.0,4.6
2019,348,19.35,2.6,4.6
2019,349,16.8,0.2,4.9
2019,350,19.2,6.2,2.5
2019,351,20.25,4.4,2.3
2019,352,17.0,31.2,1.4
2019,353,15.9,0.2,3.4
2019,354,16.35,0.0,4.7
2019,355,15.2,8.8,2.7
2019,356,14.6,0.0,4.7
2019,357,18.0,0.0,6.2
2019,358,17.45,0.0,2.8
2019,359,18.35,0.0,5.1
2019,360,16.6,0.0,3.2
2019,361,17.2,0.0,3.7
2019,362,16.950000000000003,0.6,5.5
2019,363,14.2,0.0,5.3
2019,364,16.65,0.0,4.7
2019,365,18.35,0.0,2.3
2020,1,18.85,0.0,5.0
2020,2,17.55,0.0,2.7
2020,3,19.05,0.0,4.1
2020,4,18.15,0.2,4.7
2020,5,17.05,0.0,6.1
2020,6,16.8,2.6,4.0
2020,7,16.7,0.0,5.5
2020,8,13.899999999999999,0.4,3.8
2020,9,15.0,0.0,3.9
2020,10,17.35,0.0,4.3
2020,11,14.95,0.0,5.1
2020,12,16.200000000000003,0.0,5.2
2020,13,18.7,0.0,5.6
2020,14,19.9,0.8,4.4
2020,15,16.200000000000003,0.4,2.5
2020,16,18.25,0.0,5.4
2020,17,17.950000000000003,0.0,5.4
2020,18,18.25,0.0,5.8
2020,19,18.5,0.0,4.9
2020,20,20.0,0.0,6.0
2020,21,22.65,0.0,6.0
2020,22,20.15,0.0,4.4
2020,23,16.4,0.0,3.0
2020,24,21.05,0.6,4.3
2020,25,19.700000000000003,0.0,4.7
2020,26,20.2,0.0,5.5
2020,27,20.85,0.0,5.8
2020,28,20.95,0.0,5.8
2020,29,21.45,0.4,2.4
2020,30,21.8,0.0,3.9
2020,31,20.35,0.0,3.3
2020,32,21.4,0.0,5.9
2020,33,21.5,0.0,5.8
2020,34,21.450000000000003,0.0,5.2
2020,35,21.7,0.0,5.1
2020,36,22.799999999999997,0.4,5.6
2020,37,16.0,0.0,5.1
2020,38,17.950000000000003,0.0,4.1
2020,39,19.9,0.0,5.6
2020,40,18.7,0.0,3.8
2020,41,15.45,0.0,5.6
2020,42,16.95,0.0,4.8
2020,43,17.25,0.0,4.9
2020,44,20.5,0.0,5.1
2020,45,19.15,0.0,4.7
2020,46,22.5,0.0,4.5
2020,47,21.4,0.0,3.9
2020,48,21.55,0.0,4.4
2020,49,23.3,0.0,3.7
2020,50,23.3,0.4,3.7
2020,51,20.4,0.0,4.3
2020,52,21.25,0.0,5.1
2020,53,23.65,0.8,4.1
2020,54,17.3,14.6,1.5
2020,55,16.9,0.2,4.7
2020,56,19.549999999999997,0.0,5.4
2020,57,18.950000000000003,0.0,4.8
2020,58,21.25,0.0,4.6
2020,59,20.35,2.2,3.1
2020,60,21.15,0.0,3.9
2020,61,19.2,0.0,2.8
2020,62,22.05,0.0,3.7
2020,63,21.4,0.0,2.6
2020,64,23.0,4.8,3.8
2020,65,19.450000000000003,0.6,2.6
2020,66,17.75,0.0,3.3
2020,67,18.85,0.0,4.7
2020,68,18.95,0.0,4.3
2020,69,20.9,0.0,4.4
2020,70,19.7,13.0,2.2
2020,71,17.85,3.6,3.4
2020,72,18.2,0.8,3.2
2020,73,18.15,0.0,3.9
2020,74,18.2,0.0,4.1
2020,75,18.1,0.0,4.2
2020,76,18.05,0.0,3.7
2020,77,17.35,0.0,1.8
2020,78,15.649999999999999,0.0,3.6
2020,79,14.700000000000001,0.0,3.8
2020,80,16.700000000000003,9.8,2.2
2020,81,17.3,0.0,2.3
2020,82,18.25,0.0,2.5
2020,83,20.45,39.6,2.4
2020,84,17.3,4.6,1.4
2020,85,13.600000000000001,2.2,3.1
2020,86,15.1,2.4,2.3
2020,87,16.0,0.2,2.3
2020,88,14.9,4.6,1.6
2020,89,13.399999999999999,0.0,2.9
2020,90,16.7,0.0,2.6
2020,91,17.15,0.0,2.2
2020,92,17.4,0.0,3.0
2020,93,17.0,0.0,2.9
2020,94,16.85,0.0,2.5
2020,95,17.75,0.0,3.1
2020,96,18.55,0.0,3.2
2020,97,16.2,0.0,3.3
2020,98,15.95,0.0,2.5
2020,99,16.950000000000003,0.0,2.5
2020,100,17.049999999999997,0.2,1.8
2020,101,13.850000000000001,2.8,2.3
2020,102,13.45,0.0,2.8
2020,103,16.25,0.0,2.3
2020,104,17.7,11.8,2.1
2020,105,15.9,6.0,1.7
2020,106,14.3,1.8,2.4
2020,107,14.05,7.4,1.7
2020,108,15.45,0.6,1.8
2020,109,18.299999999999997,24.8,1.0
2020,110,16.549999999999997,0.2,1.8
2020,111,17.45,2.4,1.2
2020,112,15.95,0.0,1.1
2020,113,12.55,0.2,0.7
2020,114,15.899999999999999,0.0,1.8
2020,115,17.25,0.0,2.0
2020,116,15.399999999999999,0.0,2.3
2020,117,15.3,0.0,1.8
2020,118,13.8,0.0,1.6
2020,119,16.0,0.6,1.6
2020,120,13.75,0.0,1.7
2020,121,15.75,0.0,1.7
2020,122,14.35,0.0,1.5
2020,123,15.65,0.0,1.0
2020,124,18.55,0.2,2.6
2020,125,16.15,37.0,0.3
2020,126,15.05,13.6,1.3
2020,127,11.549999999999999,13.8,1.2
2020,128,8.95,0.0,1.6
2020,129,13.1,0.4,1.2
2020,130,13.3,0.0,1.2
2020,131,15.1,0.0,1.3
2020,132,15.9,0.0,1.4
2020,133,13.25,0.0,0.9
2020,134,13.4,0.2,1.0
2020,135,12.9,0.0,1.4
2020,136,12.5,0.0,1.3
2020,137,13.4,0.0,1.0
2020,138,14.25,0.0,1.5
2020,139,13.8,0.0,1.6
2020,140,13.1,0.0,1.5
2020,141,11.75,0.0,1.4
2020,142,10.600000000000001,0.0,1.4
2020,143,11.45,0.0,1.4
2020,144,10.75,0.0,1.3
2020,145,10.899999999999999,0.0,0.7
2020,146,15.05,17.4,0.5
2020,147,15.05,10.4,0.0
2020,148,15.25,7.0,1.0
2020,149,10.05,1.2,0.2
2020,150,13.25,0.0,1.0
2020,151,13.399999999999999,10.6,0.7
2020,152,13.9,0.0,0.9
2020,153,13.3,4.8,0.7
2020,154,14.8,6.2,0.9
2020,155,12.25,0.0,1.0
2020,156,13.649999999999999,2.4,1.0
2020,157,13.399999999999999,9.8,0.3
2020,158,12.3,1.4,0.5
2020,159,11.8,2.4,0.7
2020,160,9.9,0.2,0.9
2020,161,10.45,3.4,0.7
2020,162,10.15,2.0,0.6
2020,163,12.3,0.2,0.7
2020,164,12.399999999999999,0.6,0.7
2020,165,12.05,1.0,0.7
2020,166,12.45,0.2,0.5
2020,167,11.7,0.0,0.8
2020,168,11.451724137931034,0.0,0.7999999999999999
2020,169,12.582758620689654,0.0,0.6357142857142858
2020,170,14.649999999999999,0.8,1.2
2020,171,10.85,46.0,0.0
2020,172,12.35,0.0,0.9
2020,173,13.6,9.8,1.0
2020,174,13.05,0.6,0.6
2020,175,13.85,0.0,1.5
2020,176,13.450000000000001,0.0,1.3
2020,177,13.7,35.8,1.3
2020,178,12.7,0.0,0.7
2020,179,14.7,17.4,1.1
2020,180,13.3,12.0,0.7
2020,181,11.8,2.8,0.8
2020,182,10.899999999999999,9.8,0.6
2020,183,9.35,0.2,0.7
2020,184,6.65,5.2,0.7
2020,185,7.7,0.0,0.8
2020,186,8.700000000000001,0.0,0.8
2020,187,10.65,0.0,0.5
2020,188,12.65,17.4,1.1
2020,189,9.75,12.0,0.4
2020,190,11.149999999999999,9.0,0.3
2020,191,8.2,7.4,0.9
2020,192,6.8500000000000005,2.0,0.6
2020,193,9.3,0.6,0.7
2020,194,9.75,1.2,0.4
2020,195,11.600000000000001,0.2,0.8
2020,196,13.7,0.0,0.8
2020,197,13.600000000000001,0.2,0.4
2020,198,11.25,17.6,0.2
2020,199,12.45,0.0,1.2
2020,200,13.05,0.0,1.2
2020,201,13.9,0.2,1.2
2020,202,13.2,0.0,1.2
2020,203,14.8,2.6,1.2
2020,204,11.600000000000001,19.8,0.6
2020,205,10.850000000000001,4.2,1.1
2020,206,13.2,5.2,1.1
2020,207,9.3,0.8,1.1
2020,208,10.4,1.4,0.9
2020,209,9.4,0.0,0.9
2020,210,11.15,0.0,1.0
2020,211,12.700000000000001,0.0,1.3
2020,212,12.100000000000001,0.0,1.2
2020,213,12.45,0.0,1.3
2020,214,12.65,0.0,1.4
2020,215,13.1,0.0,1.5
2020,216,11.5,0.0,1.1
2020,217,10.9,0.0,1.1
2020,218,11.45,0.0,1.4
2020,219,13.45,0.2,1.2
2020,220,13.600000000000001,4.4,0.9
2020,221,12.399999999999999,11.2,1.2
2020,222,9.2,2.0,1.2
2020,223,10.8,1.2,1.1
2020,224,11.0,2.0,1.1
2020,225,12.0,11.6,0.9
2020,226,11.65,0.0,1.4
2020,227,11.65,0.0,1.6
2020,228,7.6,0.0,0.8
2020,229,8.45,0.0,1.6
2020,230,10.0,0.0,1.3
2020,231,11.3,0.0,1.7
2020,232,13.55,1.2,1.6
2020,233,13.25,9.2,0.7
2020,234,13.950000000000001,8.8,1.3
2020,235,13.5,7.4,1.4
2020,236,14.8,2.0,1.7
2020,237,14.149999999999999,8.4,1.5
2020,238,12.3,15.0,1.4
2020,239,11.55,6.0,1.4
2020,240,10.8,0.6,2.0
2020,241,10.45,7.6,1.5
2020,242,10.9,0.0,1.7
2020,243,12.649999999999999,0.0,1.9
2020,244,12.9,0.0,1.2
2020,245,13.35,0.0,1.1
2020,246,13.55,1.4,1.9
2020,247,10.05,0.0,1.9
2020,248,8.0,0.0,2.4
2020,249,11.6,0.0,2.3
2020,250,11.7,0.2,1.8
2020,251,13.8,9.2,1.1
2020,252,10.35,0.0,1.8
2020,253,9.850000000000001,0.0,2.4
2020,254,12.5,0.0,1.6
2020,255,11.7,3.0,1.9
2020,256,8.4,0.8,2.0
2020,257,9.8,0.0,2.6
2020,258,13.0,0.0,1.8
2020,259,13.85,0.0,2.6
2020,260,13.95,1.0,1.7
2020,261,12.049999999999999,0.0,2.7
2020,262,14.5,0.0,2.1
2020,263,12.7,8.0,1.5
2020,264,10.7,0.0,2.3
2020,265,13.0,0.0,2.0
2020,266,12.45,0.0,2.7
2020,267,13.65,0.0,2.2
2020,268,16.25,4.6,2.4
2020,269,14.7,0.6,1.1
2020,270,14.35,0.0,2.6
2020,271,16.6,0.4,2.8
2020,272,14.7,16.0,1.6
2020,273,13.25,2.4,3.9
2020,274,10.65,0.4,3.1
2020,275,9.4,0.0,2.7
2020,276,10.95,0.0,2.6
2020,277,12.7,0.0,2.3
2020,278,12.85,0.0,3.1
2020,279,14.6,0.0,2.0
2020,280,16.65,0.0,3.9
2020,281,15.0,0.0,2.9
2020,282,14.350000000000001,0.8,2.6
2020,283,14.15,3.6,3.2
2020,284,13.1,0.0,2.4
2020,285,14.95,0.0,3.8
2020,286,16.1,0.0,3.9
2020,287,15.95,21.0,1.6
2020,288,12.35,3.6,1.7
2020,289,12.25,0.0,2.8
2020,290,10.35,1.0,0.9
2020,291,10.049999999999999,0.0,3.3
2020,292,10.649999999999999,0.0,3.1
2020,293,16.4,0.6,3.1
2020,294,16.5,0.0,1.7
2020,295,17.2,2.8,2.4
2020,296,16.0,0.8,2.9
2020,297,16.15,2.6,2.9
2020,298,16.6,0.0,1.8
2020,299,18.549999999999997,0.0,4.3
2020,300,18.1,0.0,3.9
2020,301,17.9,0.0,4.0
2020,302,18.05,0.0,3.8
2020,303,17.450000000000003,0.0,3.5
2020,304,19.25,0.0,3.7
2020,305,18.1,0.0,2.6
2020,306,18.2,9.8,2.2
2020,307,15.65,0.0,4.4
2020,308,20.200000000000003,0.0,4.1
2020,309,19.549999999999997,0.0,3.3
2020,310,18.75,2.2,3.2
2020,311,17.049999999999997,25.0,1.2
2020,312,17.45,0.0,3.2
2020,313,19.35,25.6,3.1
2020,314,15.7,1.4,4.0
2020,315,13.85,7.0,2.0
2020,316,15.15,3.2,3.0
2020,317,15.05,0.0,3.1
2020,318,14.75,0.0,4.5
2020,319,16.2,0.0,4.2
2020,320,16.0,0.0,5.3
2020,321,15.950000000000001,0.0,4.4
2020,322,17.25,0.0,3.8
2020,323,17.35,0.0,4.5
2020,324,16.3,1.2,2.9
2020,325,13.7,0.0,5.3
2020,326,14.950000000000001,0.0,5.2
2020,327,16.6,9.4,3.1
2020,328,12.95,0.0,4.5
2020,329,14.55,0.0,4.0
2020,330,15.5,23.4,2.1
2020,331,18.35,21.6,2.1
2020,332,17.9,1.8,3.1
2020,333,15.95,0.4,5.3
2020,334,15.0,0.0,5.8
2020,335,15.350000000000001,2.4,2.2
2020,336,18.25,9.0,2.2
2020,337,14.25,0.0,4.7
2020,338,18.549999999999997,0.0,5.3
2020,339,15.25,1.8,3.7
2020,340,16.4,0.0,4.7
2020,341,15.549999999999999,2.8,3.3
2020,342,18.0,0.0,5.1
2020,343,21.299999999999997,3.4,4.5
2020,344,20.5,0.0,4.0
2020,345,22.5,11.8,3.9
2020,346,17.95,0.0,4.7
2020,347,16.65,0.0,4.1
2020,348,16.0,0.0,5.0
2020,349,14.600000000000001,0.0,3.9
2020,350,16.85,0.0,5.7
2020,351,17.35,0.0,5.3
2020,352,17.4,0.0,5.2
2020,353,15.45,0.0,5.6
2020,354,20.5,0.0,3.9
2020,355,18.85,0.0,4.8
2020,356,19.0,0.0,5.4
2020,357,21.0,0.2,4.3
2020,358,19.45,0.0,3.1
2020,359,21.1,6.8,2.8
2020,360,18.45,0.8,4.1
2020,361,15.399999999999999,0.4,4.8
2020,362,14.95,0.4,5.0
2020,363,14.1,0.0,5.1
2020,364,13.5,0.0,5.8
2020,365,15.8,0.0,3.8
2020,366,16.2,0.0,5.4
2021,1,18.2,0.0,4.8
2021,2,20.85,0.0,5.8
2021,3,20.05,3.4,3.1
2021,4,20.450000000000003,6.8,3.2
2021,5,19.75,0.0,4.1
2021,6,20.6,0.0,5.7
2021,7,20.15,0.0,5.8
2021,8,21.55,26.4,3.4
2021,9,18.75,0.6,3.3
2021,10,19.2,0.0,4.248275862068966
2021,11,19.25,0.0,4.144827586206897
2021,12,17.6,0.0,4.341379310344828
2021,13,20.4,0.0,4.155172413793103
2021,14,20.8,0.0,4.444827586206896
2021,15,20.4,0.0,4.389285714285714
2021,16,18.35,0.0,4.464285714285714
2021,17,18.55,0.0,4.753571428571428
2021,18,20.8,7.0,4.160714285714286
2021,19,19.15,6.8,4.107142857142857
2021,20,19.55,11.8,4.451724137931034
2021,21,14.5,3.0,4.210714285714286
2021,22,16.0,3.0,4.228571428571429
2021,23,15.95,0.0,4.141379310344828
2021,24,18.6,0.4,4.075862068965518
2021,25,18.4,1.0,4.162068965517242
2021,26,20.15,0.0,4.575862068965517
2021,27,19.35,0.0,4.631034482758621
2021,28,21.9,0.0,4.268965517241379
2021,29,19.15,0.6,4.589655172413793
2021,30,16.200000000000003,0.0,4.589655172413793
2021,31,17.75,0.0,4.575862068965517
2021,32,18.05,0.0,4.114285714285715
2021,33,19.0,0.0,4.367857142857143
2021,34,18.450000000000003,0.0,4.437931034482758
2021,35,19.1,0.0,3.8241379310344827
2021,36,22.1,0.0,3.8551724137931034
2021,37,19.8,0.0,4.089655172413793
2021,38,19.95,0.0,4.310344827586207
2021,39,21.0,0.0,4.003448275862069
2021,40,20.950000000000003,0.4,3.7551724137931037
2021,41,21.2,4.8,4.075862068965518
2021,42,18.3,2.6,3.6655172413793102
2021,43,16.7,0.0,3.5413793103448277
2021,44,16.15,0.0,3.3285714285714287
2021,45,20.05,0.0,3.6785714285714284
2021,46,22.200000000000003,17.4,3.932142857142857
2021,47,19.7,12.0,4.128571428571428
2021,48,20.7,0.0,3.525
2021,49,17.95,0.0,3.6206896551724137
2021,50,17.35,0.0,3.5689655172413794
2021,51,17.1,0.0,3.513793103448276
2021,52,18.549999999999997,0.0,3.5
2021,53,20.75,0.0,3.5214285714285714
2021,54,20.9,0.0,3.2896551724137932
2021,55,20.7,0.0,3.3517241379310345
2021,56,20.8,0.0,3.732142857142857
2021,57,20.0,0.0,3.664285714285714
2021,58,20.35,0.0,3.6965517241379313
2021,59,20.049999999999997,0.0,3.386206896551724
2021,60,20.0,0.0,3.3535714285714286
2021,61,20.15,4.8,3.306896551724138
2021,62,21.85,4.2,3.4793103448275864
2021,63,21.1,1.0,3.4172413793103447
2021,64,17.75,7.6,3.3310344827586205
2021,65,19.05,0.0,3.2517241379310344
2021,66,18.25,3.2,3.3034482758620687
2021,67,18.6,0.6,3.1620689655172414
2021,68,17.35,0.0,3.1448275862068966
2021,69,16.25,0.0,3.279310344827586
2021,70,19.25,2.4,3.424137931034483
2021,71,17.9,0.0,3.2103448275862068
2021,72,18.5,0.0,2.957142857142857
2021,73,18.95,0.0,2.914285714285714
2021,74,20.2,0.0,3.0535714285714284
2021,75,20.2,0.0,2.9285714285714284
2021,76,15.9,0.2,2.873076923076923
2021,77,19.35,1.4,2.9068965517241376
2021,78,17.6,0.0,2.717241379310345
2021,79,17.6,0.0,2.9551724137931035
2021,80,16.7,0.0,2.8035714285714284
2021,81,17.35,0.0,2.707142857142857
2021,82,18.2,0.0,2.737931034482759
2021,83,16.5,0.0,2.67037037037037
2021,84,17.15,0.0,2.4892857142857143
2021,85,19.1,0.0,3.0
2021,86,19.55,0.0,3.7
2021,87,19.85,0.2,3.7
2021,88,19.7,6.8,2.1
2021,89,20.2,22.2,1.6
2021,90,19.799999999999997,29.8,1.3
2021,91,17.45,4.6,1.7
2021,92,16.85,0.8,2.0
2021,93,16.65,0.4,2.7
2021,94,17.299999999999997,0.0,3.3
2021,95,17.3,0.0,2.2
2021,96,19.75,0.0,1.5
2021,97,18.7,0.0,2.3
2021,98,18.0,0.0,2.7
2021,99,18.45,0.0,1.9
2021,100,18.75,2.4,1.7
2021,101,18.4,16.0,1.1
2021,102,19.05,0.0,2.3
2021,103,19.95,0.0,1.6
2021,104,17.2,3.8,2.1
2021,105,13.5,19.0,1.0
2021,106,16.7,3.0,1.2
2021,107,17.45,5.8,2.5
2021,108,12.8,1.4,1.8
2021,109,15.05,1.0,1.3
2021,110,15.600000000000001,0.0,1.7
2021,111,16.5,5.2,0.9
2021,112,17.4,0.2,1.9
2021,113,14.65,0.4,1.8
2021,114,16.5,19.0,1.5
2021,115,15.850000000000001,1.2,1.6
2021,116,13.9,3.2,2.1
2021,117,13.1,15.0,1.4
2021,118,13.9,0.2,1.2
2021,119,13.75,0.0,1.6
2021,120,13.6,0.2,1.8
2021,121,15.75,0.2,1.2
2021,122,12.65,0.0,1.8
2021,123,10.5,0.0,1.5
2021,124,13.299999999999999,0.0,1.3
2021,125,14.7,0.0,1.7
2021,126,13.35,0.0,1.2
2021,127,15.649999999999999,0.0,1.4
2021,128,16.55,0.0,1.0
2021,129,17.45,1.0,1.3
2021,130,17.8,11.2,1.2
2021,131,17.5,0.0,0.7
2021,132,17.65,18.0,0.7
2021,133,14.55,0.6,1.0892857142857142
2021,134,9.75,0.0,1.5
2021,135,13.15,11.6,1.7
2021,136,14.3,0.0,0.6
2021,137,16.4,0.0,1.1321428571428571
2021,138,15.25,11.8,0.9
2021,139,14.5,7.6,1.3
2021,140,15.4,3.4,1.3
2021,141,14.15,0.0,0.7
2021,142,12.8,0.0,0.8
2021,143,12.0,0.0,1.0
2021,144,13.5,0.0,1.2
2021,145,13.8,0.0,1.8
2021,146,12.399999999999999,0.0,1.8
2021,147,11.2,0.0,1.3
2021,148,10.2,0.0,1.2
2021,149,11.8,1.0,0.4
2021,150,13.05,3.8,0.5
2021,151,12.05,8.2,0.9
2021,152,11.6,2.8,0.8
2021,153,10.8,0.2,1.0
2021,154,12.8,0.0,0.6
2021,155,11.75,0.0,0.8
2021,156,11.45,0.0,0.8
2021,157,13.8,0.2,1.0
2021,158,14.100000000000001,10.0,0.4
2021,159,13.649999999999999,1.2,0.6
2021,160,14.8,0.0,1.2
2021,161,14.45,0.4,1.2
2021,162,15.899999999999999,1.4,0.9
2021,163,13.9,0.0,0.6
2021,164,15.05,0.0,1.1
2021,165,15.1,0.2,0.6
2021,166,14.100000000000001,34.8,0.1
2021,167,13.8,3.4,0.803448275862069
2021,168,12.5,5.4,0.5
2021,169,12.25,5.2,0.6
2021,170,13.2,15.4,0.6
2021,171,15.75,12.6,0.7
2021,172,13.4,0.2,0.6
2021,173,13.7,0.0,1.1
2021,174,10.3,0.0,1.1
2021,175,8.45,0.0,0.7
2021,176,9.85,0.2,0.8
2021,177,11.65,1.0,0.0
2021,178,14.2,9.0,0.7
2021,179,14.0,9.6,0.2
2021,180,12.85,4.2,0.9
2021,181,5.550000000000001,0.6,0.9
2021,182,9.15,0.0,0.8
2021,183,10.05,0.0,1.0
2021,184,9.299999999999999,0.0,1.0
2021,185,8.65,0.0,0.9
2021,186,7.55,0.0,0.8
2021,187,9.0,0.0,0.9
2021,188,13.0,27.0,0.5
2021,189,11.350000000000001,0.6,0.6
2021,190,11.35,6.6,1.2
2021,191,12.5,0.4,1.4
2021,192,10.95,0.2,1.1
2021,193,8.85,0.0,0.8
2021,194,8.2,0.0,1.1
2021,195,7.55,0.0,0.8
2021,196,9.15,0.2,0.9
2021,197,11.65,0.0,1.0
2021,198,13.55,1.6,1.9
2021,199,13.7,15.6,0.0
2021,200,14.3,17.0,1.0
2021,201,11.2,2.4,1.0
2021,202,10.899999999999999,0.2,0.9
2021,203,12.15,9.6,0.2
2021,204,12.1,3.6,0.7
2021,205,9.7,0.0,0.7
2021,206,12.149999999999999,0.0,1.0
2021,207,13.05,30.2,1.3
2021,208,13.25,5.4,1.1
2021,209,11.75,3.8,1.2
2021,210,11.95,5.8,1.1
2021,211,12.899999999999999,0.0,0.9
2021,212,13.6,0.0,1.2
2021,213,11.7,0.0,1.2
2021,214,11.45,0.0,1.1
2021,215,13.399999999999999,4.0,1.3
2021,216,8.75,0.6,1.3
2021,217,10.8,2.4,1.2
2021,218,12.75,3.2,0.3
2021,219,12.3,11.2,0.8
2021,220,12.35,2.0,1.7
2021,221,10.649999999999999,7.2,1.2
2021,222,5.75,0.2,1.6
2021,223,10.0,2.0,1.4
2021,224,9.8,0.6,0.7
2021,225,12.15,1.0,1.1
2021,226,10.6,3.8,0.7
2021,227,11.25,1.6,1.5
2021,228,11.25,1.6,1.4
2021,229,12.600000000000001,0.0,1.5
2021,230,11.9,17.0,1.2
2021,231,9.7,2.8,1.4
2021,232,10.399999999999999,1.4,1.2
2021,233,11.450000000000001,0.0,1.3
2021,234,10.9,0.0,1.3
2021,235,10.649999999999999,0.0,1.7
2021,236,11.8,0.0,1.8
2021,237,13.1,0.0,1.6
2021,238,12.2,0.0,1.6
2021,239,14.0,0.0,2.2
2021,240,13.25,17.2,1.1
2021,241,13.95,4.0,1.0
2021,242,13.9,0.0,1.6
2021,243,13.4,8.0,1.6
2021,244,11.1,0.0,2.2
2021,245,10.0,0.0,2.0
2021,246,12.0,0.0,2.3
2021,247,11.450000000000001,0.0,2.3
2021,248,12.35,0.0,2.2
2021,249,12.4,0.0,2.0
2021,250,14.55,0.2,2.4
2021,251,12.25,6.8,0.7
2021,252,10.15,10.0,1.2
2021,253,13.45,3.2,2.4
2021,254,13.25,15.4,2.2
2021,255,10.8,0.6,2.4
2021,256,11.85,0.2,1.8
2021,257,14.899999999999999,1.2,1.7
2021,258,13.25,4.6,0.7
2021,259,13.3,12.2,1.0
2021,260,14.4,10.4,1.2
2021,261,12.15,0.0,2.7
2021,262,9.95,0.0,2.9
2021,263,13.35,1.2,1.8
2021,264,11.649999999999999,0.6,2.4
2021,265,14.649999999999999,0.0,1.8
2021,266,14.950000000000001,57.8,1.2
2021,267,13.100000000000001,6.4,1.3
2021,268,12.05,0.0,2.2
2021,269,15.45,0.2,2.3
2021,270,11.850000000000001,1.2,0.6
2021,271,9.549999999999999,0.0,0.8
2021,272,11.15,1.2,0.5
2021,273,12.95,3.0,1.1
2021,274,12.950000000000001,8.0,1.4
2021,275,12.95,0.0,2.0
2021,276,11.100000000000001,0.0,2.0
2021,277,14.950000000000001,5.2,1.7
2021,278,16.9,0.4,1.8
2021,279,16.1,0.0,2.0
2021,280,17.6,0.6,2.6
2021,281,15.9,13.0,1.6
2021,282,15.35,0.4,3.0
2021,283,14.0,0.4,3.5
2021,284,14.05,0.2,3.4
2021,285,14.200000000000001,17.0,2.9
2021,286,12.399999999999999,8.2,3.3
2021,287,10.600000000000001,0.0,3.5
2021,288,10.649999999999999,0.0,3.7
2021,289,11.9,0.0,3.2
2021,290,15.55,0.0,4.2
2021,291,16.4,22.8,2.2
2021,292,15.399999999999999,0.2,3.2
2021,293,14.2,0.0,3.5
2021,294,16.35,0.0,3.4
2021,295,15.05,3.6,2.8
2021,296,15.3,0.0,3.6
2021,297,14.5,5.8,3.2
2021,298,15.8,2.6,1.3
2021,299,18.3,0.0,2.8
2021,300,19.549999999999997,0.0,3.7
2021,301,18.0,7.6,1.8
2021,302,16.5,12.4,1.6
2021,303,15.549999999999999,0.6,3.1
2021,304,17.5,31.0,2.1
2021,305,13.85,0.2,2.0
2021,306,12.55,0.2,3.8
2021,307,15.6,0.0,3.2
2021,308,13.35,1.8,2.2
2021,309,17.7,0.0,4.2
2021,310,17.6,0.4,2.9
2021,311,18.4,20.8,4.2
2021,312,18.6,0.0,4.6
2021,313,14.9,0.0,2.7
2021,314,16.5,0.0,4.7
2021,315,18.4,0.0,4.4
2021,316,18.8,0.0,5.1
2021,317,20.8,17.2,3.6
2021,318,19.6,22.4,0.8
2021,319,19.05,0.8,2.3
2021,320,17.75,0.2,4.0
2021,321,18.7,0.8,4.2
2021,322,15.9,0.0,2.8
2021,323,13.95,0.0,5.2
2021,324,15.600000000000001,0.0,4.5
2021,325,18.45,0.0,4.8
2021,326,20.5,1.2,4.5
2021,327,18.9,1.2,3.4
2021,328,18.75,3.8,5.1
2021,329,17.65,3.4,3.2
2021,330,16.9,0.6,2.8
2021,331,17.6,0.0,5.0
2021,332,18.65,0.0,4.2
2021,333,17.95,0.0,3.1
2021,334,19.1,0.4,5.1
2021,335,19.9,0.2,3.5
2021,336,20.35,0.0,3.0
2021,337,18.6,0.0,2.8
2021,338,21.5,0.0,4.8
2021,339,19.8,1.6,2.4
2021,340,21.35,0.0,5.1
2021,341,22.5,0.0,4.3
2021,342,20.15,0.0,3.5
2021,343,21.2,0.0,5.6
2021,344,21.8,0.0,5.7
2021,345,22.45,0.8,4.2
2021,346,23.3,3.0,4.7
2021,347,19.85,26.4,1.2
2021,348,19.9,36.6,1.6
2021,349,19.299999999999997,16.0,1.1
2021,350,20.1,0.4,4.1
2021,351,19.15,7.8,3.4
2021,352,17.85,1.0,3.6
2021,353,18.3,0.0,5.6
2021,354,16.05,0.0,5.1
2021,355,18.7,0.0,5.0
2021,356,20.05,0.0,5.0
2021,357,19.6,0.0,5.4
2021,358,21.1,0.0,5.5
2021,359,18.95,0.0,6.7
2021,360,22.85,0.0,6.1
2021,361,22.799999999999997,0.0,6.5
2021,362,22.75,0.0,4.5
2021,363,20.8,2.2,4.7
2021,364,17.9,0.0,5.3
2021,365,18.65,0.4,4.9
2022,1,19.1,0.0,5.2
2022,2,19.4,0.6,6.2
2022,3,21.75,0.2,6.6
2022,4,21.9,0.0,6.2
2022,5,22.55,0.0,6.7
2022,6,21.75,0.0,5.7
2022,7,21.35,0.0,5.6
2022,8,20.65,0.0,3.9
2022,9,21.35,0.0,5.6
2022,10,21.7,0.0,5.0
2022,11,21.25,0.0,4.9
2022,12,22.0,0.2,5.2
2022,13,19.4,0.0,5.2
2022,14,20.3,0.0,5.7
2022,15,19.75,0.0,6.3
2022,16,19.5,0.0,5.4
2022,17,20.75,0.0,6.5
2022,18,21.25,0.0,6.6
2022,19,19.75,0.0,5.9
2022,20,21.25,0.0,4.8
2022,21,16.950000000000003,0.6,2.6
2022,22,17.6,0.0,5.3
2022,23,20.95,0.0,4.5
2022,24,22.65,2.0,3.5
2022,25,18.5,1.6,1.7
2022,26,22.55,0.4,4.3
2022,27,22.55,0.4,5.4
2022,28,19.5,0.0,6.3
2022,29,20.2,0.4,6.5
2022,30,19.9,0.0,4.1
2022,31,20.65,0.0,5.6
2022,32,22.95,0.0,6.1
2022,33,23.05,0.0,5.6
2022,34,23.1,0.0,5.0
2022,35,22.1,0.0,4.7
2022,36,24.0,0.0,6.3
2022,37,24.049999999999997,3.8,4.6
2022,38,20.35,44.2,1.8
2022,39,20.05,1.4,2.0
2022,40,24.6,0.0,3.6
2022,41,25.65,0.0,5.1
2022,42,24.75,0.0,5.1
2022,43,24.0,13.4,2.1
2022,44,23.6,0.2,2.1
2022,45,16.35,3.2,3.5
2022,46,18.1,0.0,4.4
2022,47,18.4,0.0,5.2
2022,48,17.7,0.0,4.2
2022,49,19.8,0.0,3.3
2022,50,21.200000000000003,0.0,4.9
2022,51,20.4,0.0,2.7
2022,52,20.1,0.0,4.6
2022,53,22.25,0.0,4.0
2022,54,22.0,0.0,4.5
2022,55,22.95,0.6,5.5
2022,56,18.68166666666667,0.8,3.732142857142857
2022,57,19.85,0.0,3.664285714285714
2022,58,19.3,0.0,4.8
2022,59,21.2,0.0,4.0
2022,60,20.05,0.0,4.0
2022,61,20.1,0.0,4.3
2022,62,17.4,0.0,4.0
2022,63,18.05,0.0,4.8
2022,64,19.9,0.0,4.0
2022,65,19.9,0.0,4.1
2022,66,19.6,0.0,3.4
2022,67,20.9,0.0,3.7
2022,68,20.05,0.0,3.4
2022,69,20.85,0.0,3.8
2022,70,20.5,0.0,3.6
2022,71,20.45,0.0,3.7
2022,72,21.7,0.0,3.2
2022,73,20.1,0.0,3.6
2022,74,19.85,0.0,4.7
2022,75,20.8,0.0,4.1
2022,76,19.25,0.0,4.5
2022,77,19.6,0.0,4.3
2022,78,16.9,2.0,2.4
2022,79,19.549999999999997,0.0,3.4
2022,80,20.0,15.8,3.7
2022,81,21.45,47.2,3.1
2022,82,21.85,8.2,3.3
2022,83,17.66,4.0600000000000005,2.67037037037037
2022,84,17.606666666666666,2.3,2.4892857142857143
2022,85,17.84166666666667,1.18,2.524137931034483
2022,86,17.925,3.6266666666666665,2.717241379310345
2022,87,18.008620689655174,0.74,2.632142857142857
2022,88,17.96896551724138,4.573333333333333,2.042857142857143
2022,89,17.32758620689655,5.673333333333333,2.3892857142857147
2022,90,20.75,0.0,2.5785714285714287
2022,91,19.950000000000003,0.0,3.2
2022,92,19.15,0.0,2.8
2022,93,19.7,0.0,2.6
2022,94,18.9,0.0,2.4
2022,95,19.3,0.0,2.1
2022,96,20.200000000000003,13.4,1.5
2022,97,18.4,4.4,2.0
2022,98,15.549999999999999,0.0,3.1
2022,99,16.450000000000003,0.0,2.6
2022,100,16.35,0.0,2.9
2022,101,16.35,0.0,2.5
2022,102,18.0,0.0,1.9
2022,103,18.9,3.6,2.2
2022,104,14.6,0.0,2.1
2022,105,13.4,0.0,2.6
2022,106,14.799999999999999,0.0,2.4
2022,107,16.4,0.0,2.0
2022,108,17.6,2.4,3.1
2022,109,17.2,1.2,1.8
2022,110,20.3,0.0,1.5
2022,111,20.5,2.2,2.2
2022,112,19.65,0.0,2.5
2022,113,14.850000000000001,1.4,1.2
2022,114,14.5,0.2,2.6
2022,115,15.799999999999999,4.0,2.1
2022,116,13.75,0.0,1.7
2022,117,17.4,0.0,1.5
2022,118,15.3,0.0,1.9
2022,119,16.35,0.0,2.3
2022,120,14.2,0.0,1.7
2022,121,15.35,0.0,2.3
2022,122,16.85,0.0,1.9
2022,123,16.25,0.0,1.7
2022,124,16.5,0.0,1.8
2022,125,15.35,0.0,1.7
2022,126,15.25,0.0,1.7
2022,127,15.899999999999999,0.0,1.8
2022,128,14.75,0.0,1.3
2022,129,14.6,0.0,1.4
2022,130,15.100000000000001,8.2,1.0
2022,131,12.15,0.0,1.4
2022,132,10.4,0.0,1.4
2022,133,11.25,0.0,1.5
2022,134,14.1,0.0,1.2
2022,135,15.7,0.0,1.2
2022,136,17.75,1.2,0.4
2022,137,18.1,3.2,0.6
2022,138,18.1,3.2,0.8
2022,139,16.5,0.6,0.6
2022,140,14.850000000000001,25.0,0.1
2022,141,13.9,5.2,1.1
2022,142,14.75,1.8,1.8
2022,143,14.7,3.2,1.8
2022,144,12.45,0.0,1.0
2022,145,13.7,0.0,1.0
2022,146,12.850000000000001,3.6,1.2
2022,147,12.05,0.0,1.1
2022,148,11.649999999999999,0.0,1.4
2022,149,13.55,0.0,1.5
2022,150,14.2,9.6,1.4
2022,151,15.75,14.8,0.0
2022,152,16.85,4.833333333333333,1.2
2022,153,17.4,0.0,1.3
2022,154,14.25,21.2,0.5
2022,155,13.1,7.8,0.8
2022,156,12.700000000000001,0.0,1.0
2022,157,12.45,13.2,1.0
2022,158,13.75,3.4,0.5
2022,159,13.1,9.0,0.6
2022,160,14.950000000000001,2.6,1.0
2022,161,12.950000000000001,7.2,0.2
2022,162,14.15,11.2,1.0
2022,163,13.6,19.4,0.9
2022,164,13.75,21.0,1.0
2022,165,11.850000000000001,15.0,2.1
2022,166,13.649999999999999,8.2,1.5
2022,167,13.2,5.4,1.0
2022,168,12.55,3.2,1.2
2022,169,12.2,3.0,0.5
2022,170,12.15,24.8,0.3
2022,171,11.15,0.0,0.6749999999999999
2022,172,8.75,0.0,1.3
2022,173,7.8500000000000005,0.0,1.2
2022,174,9.2,0.0,1.0
2022,175,10.55,0.0,1.2
2022,176,12.45,6.0,1.0
2022,177,12.9,2.0,0.6
2022,178,11.25,0.0,0.7
2022,179,11.0,0.0,0.5
2022,180,11.8,0.2,0.9
2022,181,10.15,8.6,0.4
2022,182,12.95,0.4,1.3
2022,183,11.850000000000001,0.0,0.8
2022,184,9.75,0.2,0.8
2022,185,10.25,0.2,0.6
2022,186,11.65,0.2,0.6
2022,187,12.05,47.2,0.7
2022,188,11.85,0.0,0.6
2022,189,12.25,27.2,1.2
2022,190,14.850000000000001,20.6,0.0
2022,191,14.0,0.0,1.2
2022,192,14.350000000000001,0.0,1.0
2022,193,13.9,34.6,1.2
2022,194,14.4,14.4,0.0
2022,195,12.7,10.6,0.7
2022,196,10.7,17.6,0.2
2022,197,10.05,0.2,0.7
2022,198,8.45,1.8,0.8
2022,199,8.8,0.0,0.8
2022,200,10.85,2.8,0.5
2022,201,13.5,4.4,0.5
2022,202,11.3,10.8,0.6
2022,203,8.45,4.0,1.0
2022,204,8.4,0.0,1.0
2022,205,9.7,0.0,1.3
2022,206,11.0,6.8,0.9
2022,207,14.100000000000001,9.4,1.0
2022,208,13.0,21.6,1.1
2022,209,12.45,1.4,1.7
2022,210,12.75,9.2,0.8
2022,211,10.8,0.2,1.4
2022,212,12.1,3.6,1.3
2022,213,9.0,4.8,1.0
2022,214,9.2,0.0,1.1
2022,215,11.05,0.0,0.9
2022,216,11.65,0.0,1.3
2022,217,11.95,0.0,1.2
2022,218,9.5,0.0,1.2
2022,219,11.0,3.8,1.2
2022,220,9.65,17.8,0.0
2022,221,10.95,9.6,0.9
2022,222,10.95,0.4,1.0
2022,223,10.1,0.0,1.5
2022,224,7.2,0.0,1.6
2022,225,8.45,2.0,1.4
2022,226,9.3,0.2,1.1
2022,227,9.9,0.0,1.3
2022,228,10.95,0.0,1.1
2022,229,15.0,1.0,0.9
2022,230,15.55,9.2,1.4
2022,231,15.8,21.2,0.7
2022,232,15.5,5.4,0.8
2022,233,15.25,0.0,1.5
2022,234,15.35,2.2,1.7
2022,235,12.2,11.4,1.3
2022,236,11.850000000000001,0.2,1.6
2022,237,12.15,0.0,0.9
2022,238,13.05,24.2,1.3
2022,239,12.8,2.8,1.0
2022,240,10.95,0.0,2.0
2022,241,11.35,0.0,2.1
2022,242,10.35,0.0,2.1
2022,243,9.15,0.0,1.9
2022,244,11.95,0.0,1.6
2022,245,12.55,0.0,1.7
2022,246,10.850000000000001,0.0,2.2
2022,247,12.3,13.0,1.8
2022,248,10.7,2.0,1.5
2022,249,7.050000000000001,57.6,0.4
2022,250,6.6499999999999995,0.0,2.3
2022,251,9.55,0.0,1.7
2022,252,10.4,0.0,1.7
2022,253,12.25,0.0,2.0
2022,254,11.1,0.0,1.6
2022,255,13.850000000000001,7.0,2.2
2022,256,14.200000000000001,9.4,1.4
2022,257,12.350000000000001,6.0,2.1
2022,258,9.05,0.0,2.1
2022,259,9.2,0.0,1.8
2022,260,9.35,0.0,1.4
2022,261,10.45,0.0,1.7
2022,262,13.55,0.0,2.6
2022,263,13.55,4.6,0.8
2022,264,15.2,17.0,2.3
2022,265,13.25,0.0,2.4
2022,266,12.850000000000001,3.8,0.9
2022,267,12.8,0.0,1.8
2022,268,14.1,0.0,2.3
2022,269,14.3,0.0,3.2
2022,270,13.15,0.0,2.7
2022,271,13.4,0.0,3.0
2022,272,13.600000000000001,0.0,1.9
2022,273,15.4,6.4,1.5
2022,274,14.5,26.8,0.9
2022,275,14.35,15.2,0.8
2022,276,15.85,2.8,2.0
2022,277,12.8,2.4,1.1
2022,278,13.4,0.4,2.2
2022,279,11.25,2.8,3.1
2022,280,5.949999999999999,0.0,3.2
2022,281,9.0,0.0,3.1
2022,282,13.05,0.0,2.8
2022,283,14.0,0.0,2.6
2022,284,12.15,0.0,2.8
2022,285,15.25,0.0,2.8
2022,286,13.65,0.0,1.2
2022,287,13.75,1.8,1.8
2022,288,10.2,0.2,1.8
2022,289,12.1,0.0,3.2
2022,290,13.1,0.0,3.3
2022,291,14.9,15.2,2.5
2022,292,13.75,1.2,3.5
2022,293,12.3,1.6,3.2
2022,294,13.8,2.0,3.5
2022,295,13.0,0.0,3.6
2022,296,12.049999999999999,0.0,3.9
2022,297,12.549999999999999,0.0,3.5
2022,298,14.399999999999999,0.0,3.2
2022,299,15.5,0.0,3.6
2022,300,14.55,0.0,3.5
2022,301,16.299999999999997,0.0,4.2
2022,302,18.25,0.2,2.9
2022,303,17.55,50.6,2.3
2022,304,16.35,26.2,0.9
2022,305,17.8,0.0,3.5
2022,306,16.85,0.0,4.6
2022,307,18.8,0.0,4.5
2022,308,15.0,0.6,1.5
2022,309,15.2,0.0,3.8
2022,310,12.899999999999999,0.0,4.5
2022,311,14.850000000000001,0.0,1.9
2022,312,14.5,0.0,3.7
2022,313,14.5,9.0,1.7
2022,314,16.3,2.0,2.8
2022,315,15.899999999999999,7.8,3.4
2022,316,16.0,4.4,2.8
2022,317,18.15,0.6,4.0
2022,318,14.25,0.2,2.7
2022,319,16.8,0.0,3.6
2022,320,18.35,0.0,3.1
2022,321,18.65,0.2,3.3
2022,322,16.65,15.0,1.7
2022,323,15.25,8.6,1.5
2022,324,17.35,6.6,3.9
2022,325,16.45,16.8,2.9
2022,326,15.450000000000001,5.0,1.1
2022,327,15.8,35.0,2.3
2022,328,15.3,18.8,4.6
2022,329,14.15,11.4,3.3
2022,330,14.8,0.0,4.6
2022,331,15.1,0.0,4.4
2022,332,15.299999999999999,17.0,1.9
2022,333,14.5,0.0,4.4
2022,334,17.4,4.0,3.6
2022,335,16.0,9.2,2.4
2022,336,14.8,0.4,3.5
2022,337,13.8,0.0,4.6
2022,338,14.6,0.0,3.7
2022,339,16.5,0.0,4.8
2022,340,13.350000000000001,0.0,3.0
2022,341,16.4,6.6,3.3
2022,342,15.899999999999999,0.0,2.9
2022,343,16.45,0.0,5.0
2022,344,18.85,2.2,2.2
2022,345,19.5,14.0,2.7
2022,346,15.75,6.2,1.4
2022,347,18.95,0.0,5.6
2022,348,19.4,0.2,5.0
2022,349,17.05,18.8,1.6
2022,350,19.65,0.2,2.5
2022,351,20.95,0.4,3.8
2022,352,18.55,18.0,1.3
2022,353,17.75,0.0,4.3
2022,354,18.85,4.4,5.1
2022,355,18.45,0.8,4.7
2022,356,20.0,0.0,5.4
2022,357,18.95,0.0,5.5
2022,358,18.6,0.0,5.4
2022,359,17.75,0.0,3.8
2022,360,17.8,0.0,5.2
2022,361,20.15,0.0,5.1
2022,362,20.5,0.0,5.3
2022,363,21.4,0.0,5.9
2022,364,19.0,0.0,5.0
2022,365,19.3,0.0,5.8
2023,1,18.85,1.6,3.6
2023,2,18.35,0.0,5.3
2023,3,17.85,0.0,4.6
2023,4,19.450000000000003,0.2,4.7
2023,5,18.35,6.2,2.6
2023,6,18.85,3.2,1.7
2023,7,19.15,4.8,1.6
2023,8,18.45,6.8,1.3
2023,9,21.95,2.6,4.9
2023,10,20.65,6.4,5.7
2023,11,16.3,9.2,1.6
2023,12,17.25,4.6,1.8
2023,13,16.8,8.0,2.1
2023,14,18.5,0.0,4.0
2023,15,19.1,0.0,3.3
2023,16,18.15,0.0,4.6
2023,17,18.799999999999997,0.0,5.0
2023,18,17.85,2.6,4.2
2023,19,19.55,0.0,5.0
2023,20,18.700000000000003,0.0,5.5
2023,21,18.65,0.0,4.9
2023,22,19.4,0.0,4.4
2023,23,18.15,0.0,5.0
2023,24,17.85,0.0,5.0
2023,25,19.1,0.0,4.1
2023,26,17.950000000000003,7.4,3.8
2023,27,20.15,18.6,4.5
2023,28,18.1,198.0,0.8
2023,29,21.1,12.0,2.9
2023,30,19.65,31.4,1.3
2023,31,18.6,5.8,2.0
2023,32,20.343333333333334,18.6,4.114285714285715
2023,33,21.35,0.0,4.367857142857143
2023,34,22.45,1.4,4.1
2023,35,20.4,4.4,2.1
2023,36,20.9,0.0,4.0
2023,37,19.7,13.8,4.3
2023,38,17.65,2.0,3.2
2023,39,17.3,0.2,3.7
2023,40,18.95,0.8,4.0
2023,41,15.850000000000001,0.0,4.8
2023,42,18.55,0.0,3.0
2023,43,17.55,6.0,3.7
2023,44,15.600000000000001,11.8,1.3
2023,45,15.5,83.6,1.2
2023,46,18.45,0.0,3.4
2023,47,18.4,0.0,4.3
2023,48,17.6,0.0,3.5
2023,49,17.15,0.0,4.8
2023,50,18.75,0.6,3.2
2023,51,17.700000000000003,0.0,3.9
2023,52,18.55,0.0,4.4
2023,53,19.0,0.0,4.0
2023,54,19.6,0.4,3.3
2023,55,17.049999999999997,5.0,2.3
2023,56,14.25,24.6,1.5
2023,57,17.0,0.4,2.5
2023,58,19.6,1.6,3.5
2023,59,17.55,5.8,2.3
2023,60,17.55,0.0,3.9
2023,61,17.55,0.0,3.3
2023,62,17.4,0.0,3.8
2023,63,18.75,0.0,3.6
2023,64,19.6,0.0,4.0
2023,65,17.0,0.0,3.6
2023,66,16.65,0.0,2.5
2023,67,15.55,0.0,3.3
2023,68,16.8,0.0,3.3
2023,69,19.15,0.0,2.6
2023,70,18.049999999999997,7.2,2.1
2023,71,16.5,0.0,4.1
2023,72,17.65,0.0,3.2
2023,73,15.05,3.0,1.8
2023,74,14.649999999999999,0.0,3.6
2023,75,16.950000000000003,0.0,3.2
2023,76,20.0,7.2,2.873076923076923
2023,77,19.95,22.2,1.6
2023,78,16.7,0.0,3.3
2023,79,16.75,0.0,2.7
2023,80,17.9,0.0,2.8
2023,81,15.55,18.8,0.8
2023,82,13.850000000000001,0.0,3.1
2023,83,14.899999999999999,0.0,3.3
2023,84,15.55,0.0,2.5
2023,85,16.6,0.0,2.2
2023,86,18.95,0.2,1.9
2023,87,17.8,1.2,1.7
2023,88,14.05,6.0,1.3
2023,89,11.100000000000001,0.0,3.0
2023,90,13.0,0.0,2.5
2023,91,16.35,0.2,2.2
2023,92,18.4,7.4,0.8
2023,93,18.1,0.2,2.7
2023,94,15.55,0.0,2.4
2023,95,14.35,0.0,2.7
2023,96,15.65,0.0,2.5
2023,97,15.45,4.6,0.8
2023,98,17.85,0.0,3.2
2023,99,15.45,0.0,3.1
2023,100,18.6,3.6,2.0
2023,101,19.1,1.4,2.2
2023,102,18.85,4.0,2.6
2023,103,16.299999999999997,2.0,1.4
2023,104,18.9,0.8,1.5
2023,105,17.25,0.0,2.3
2023,106,16.75,0.0,1.9
2023,107,17.6,0.0,2.6
2023,108,17.7,0.0,2.5
2023,109,20.049999999999997,0.0,2.1
2023,110,20.5,0.0,2.1
2023,111,20.85,0.0,2.5
2023,112,18.799999999999997,13.6,1.4
2023,113,18.15,3.4,0.5
2023,114,16.3,1.6,1.0
2023,115,10.55,0.0,2.6
2023,116,14.299999999999999,0.0,1.9
2023,117,14.35,1.8,1.4
2023,118,14.85,0.0,1.5
2023,119,14.950000000000001,0.0,1.7
2023,120,15.8,0.0,1.6
2023,121,18.45,19.0,1.2
2023,122,18.15,7.6,0.7
2023,123,18.049999999999997,1.0,1.2
2023,124,18.3,6.2,0.0
2023,125,18.25,15.2,1.1
2023,126,18.35,1.2,0.8
2023,127,17.4,2.6,1.1
2023,128,18.25,0.2,1.3
2023,129,18.6,0.4,1.5
2023,130,16.299999999999997,72.8,0.3
2023,131,12.05,10.4,0.9
2023,132,9.8,5.4,1.1
2023,133,10.05,0.0,1.2
2023,134,13.200000000000001,0.6,1.1
2023,135,13.0,2.4,1.0
2023,136,12.0,2.6,0.8
2023,137,11.4,0.0,0.9
2023,138,11.75,0.0,0.8
2023,139,13.25,16.4,1.082142857142857
2023,140,17.0,2.6,1.1481481481481481
2023,141,14.899999999999999,9.8,1.0
2023,142,13.45,11.4,1.6
2023,143,13.95,1.8,0.5
2023,144,15.0,0.2,1.4
2023,145,12.950000000000001,0.0,1.2
2023,146,11.05,0.0,1.2
2023,147,12.95,0.0,0.9
2023,148,14.25,0.2,1.2
2023,149,16.6,9.8,1.2
2023,150,16.35,0.2,1.0
2023,151,13.55,2.8,0.7
2023,152,12.4,0.0,0.8
2023,153,15.65,0.6,0.8
2023,154,13.549999999999999,1.2,0.7
2023,155,11.15,0.2,1.0
2023,156,12.25,1.0,0.9
2023,157,10.5,13.6,0.3
2023,158,11.2,0.2,1.1
2023,159,11.6,0.0,1.3
2023,160,11.05,0.0,1.1
2023,161,11.45,0.0,1.0
2023,162,9.700000000000001,0.0,1.0
2023,163,9.95,0.0,0.8
2023,164,11.4,0.0,0.8
2023,165,9.35,0.0,0.8
2023,166,8.85,0.0,0.9
2023,167,10.1,0.0,0.8
2023,168,9.8,3.6,0.7
2023,169,10.4,2.2,0.2
2023,170,10.95,1.2,0.6
2023,171,13.05,0.4,0.8
2023,172,13.100000000000001,0.0,0.9
2023,173,13.55,10.6,1.1
2023,174,13.0,24.4,0.5
2023,175,13.7,1.0,0.6
2023,176,14.450000000000001,0.2,0.9
2023,177,11.8,0.0,0.9
2023,178,11.55,8.2,0.9
2023,179,10.399999999999999,1.2,0.7
2023,180,12.35,2.4,0.5
2023,181,11.85,10.4,1.3
2023,182,10.8,18.6,1.3
2023,183,11.399999999999999,13.0,1.1
2023,184,11.25,8.0,0.8
2023,185,12.85,6.2,1.8
2023,186,13.25,0.2,1.4
2023,187,12.2,0.0,1.1
2023,188,9.9,0.0,0.8
2023,189,13.25,4.8,0.9
2023,190,10.35,3.8,0.3
2023,191,11.15,6.0,0.5
2023,192,12.95,6.2,0.5
2023,193,12.1,1.0,1.4
2023,194,13.15,1.0,1.3
2023,195,12.649999999999999,0.0,1.5
2023,196,13.9,0.8,1.2
2023,197,13.649999999999999,0.0,1.1
2023,198,13.25,4.4,1.5
2023,199,12.75,0.8,1.7
2023,200,10.399999999999999,0.4,0.9
2023,201,11.05,0.0,0.7
2023,202,12.2,12.4,0.7
2023,203,9.8,1.6,0.7
2023,204,8.55,0.0,1.0
2023,205,10.15,4.2,0.9
2023,206,9.5,0.4,0.8
2023,207,11.0,10.4,0.8
2023,208,6.75,3.2,1.2
2023,209,8.6,5.4,0.7
2023,210,7.0,0.0,1.1
2023,211,9.05,0.4,0.8
2023,212,8.35,0.0,0.6
2023,213,10.45,1.2,0.7
2023,214,12.350000000000001,5.8,0.8
2023,215,6.300000000000001,7.4,1.2
2023,216,6.45,0.0,1.2
2023,217,11.35,0.0,1.0
2023,218,9.6,0.0,1.2
2023,219,10.6,0.0,1.2
2023,220,10.1,3.4,0.7
2023,221,9.0,4.8,0.6
2023,222,9.100000000000001,5.6,1.1
2023,223,7.25,6.6,0.6
2023,224,7.95,0.0,1.3
2023,225,9.45,0.0,1.0
2023,226,10.9,2.2,0.7
2023,227,9.0,8.4,0.6
2023,228,9.149999999999999,3.8,1.1
2023,229,10.55,2.4,1.3
2023,230,8.6,1.0,1.6
2023,231,8.9,7.0,0.9
2023,232,11.399999999999999,16.2,0.6
2023,233,9.9,13.2,0.5
2023,234,9.0,4.6,1.4
2023,235,7.4,0.0,1.7
2023,236,9.95,0.0,1.5
2023,237,7.75,0.0,1.2
2023,238,8.9,0.0,1.1
2023,239,10.15,0.0,1.3
2023,240,9.1,3.0,1.3
2023,241,8.35,0.2,1.4
2023,242,9.2,0.0,1.9
2023,243,9.15,0.2,1.5
2023,244,8.85,0.0,1.7
2023,245,11.8,0.0,1.9
2023,246,12.75,0.0,2.1
2023,247,14.5,4.0,2.2
2023,248,13.55,8.6,1.9
2023,249,13.149999999999999,9.2,1.0
2023,250,14.7,0.2,1.5
2023,251,9.8,6.6,0.7
2023,252,12.600000000000001,0.0,1.6
2023,253,12.5,0.0,2.1
2023,254,12.05,0.0,1.4
2023,255,10.950000000000001,19.8,1.3
2023,256,11.15,1.8,1.8
2023,257,12.55,0.0,2.1
2023,258,13.1,3.2,3.2
2023,259,9.45,0.8,2.0
2023,260,11.5,0.0,1.9
2023,261,14.200000000000001,0.2,2.4
2023,262,12.149999999999999,0.0,2.1
2023,263,12.899999999999999,0.0,2.6
2023,264,12.4,0.0,2.4
2023,265,17.25,0.0,2.9
2023,266,16.0,1.2,2.2
2023,267,13.3,55.6,0.7
2023,268,11.8,7.2,1.1
2023,269,13.25,9.2,1.8
2023,270,13.1,1.6,2.0
2023,271,11.9,2.2,2.1
2023,272,12.0,6.0,2.2
2023,273,11.95,7.8,3.5
2023,274,8.600000000000001,2.8,2.5
2023,275,12.8,0.2,2.3
2023,276,12.45,4.4,2.4
2023,277,8.75,0.0,3.4
2023,278,10.75,0.0,3.2
2023,279,13.7,0.2,2.8
2023,280,12.55,0.0,1.9
2023,281,10.6,9.8,0.9
2023,282,11.8,1.4,1.9
2023,283,12.65,0.2,3.0
2023,284,12.45,6.2,2.9
2023,285,12.100000000000001,0.2,2.9
2023,286,12.7,0.6,2.9
2023,287,12.15,0.0,2.1
2023,288,14.45,2.8,2.2
2023,289,12.25,0.0,3.0
2023,290,16.1,0.0,2.9
2023,291,16.85,2.4,2.7
2023,292,14.75,3.8,3.1
2023,293,15.55,0.0,3.7
2023,294,16.05,0.6,1.9
2023,295,15.55,0.0,3.8
2023,296,14.45,0.0,3.5
2023,297,15.55,1.0,3.3
2023,298,15.3,4.4,2.3
2023,299,14.95,1.0,2.2
2023,300,15.1,3.2,2.1
2023,301,9.0,2.6,1.7
2023,302,11.5,0.0,3.5
2023,303,12.149999999999999,2.6,4.0
2023,304,14.5,7.8,2.6
2023,305,16.6,3.2,2.3
2023,306,15.25,0.0,3.8
2023,307,16.35,2.0,2.6
2023,308,12.85,16.2,1.6
2023,309,14.25,0.2,3.5
2023,310,12.700000000000001,0.0,3.6
2023,311,12.35,0.0,4.1
2023,312,12.9,0.0,3.1
2023,313,12.3,0.0,4.8
2023,314,12.95,0.0,4.0
2023,315,14.399999999999999,0.0,4.5
2023,316,12.950000000000001,0.0,3.9
2023,317,13.45,0.0,4.5
2023,318,12.85,0.0,3.7
2023,319,15.15,3.8,1.9
2023,320,13.4,0.4,2.7
2023,321,15.100000000000001,0.0,3.0
2023,322,17.3,11.2,1.6
2023,323,15.15,13.0,0.8
2023,324,16.3,13.0,1.8
2023,325,17.6,7.4,2.9
2023,326,17.35,0.6,4.5
2023,327,17.8,0.0,3.9
2023,328,15.5,4.8,4.4
2023,329,11.55,1.4,3.6
2023,330,13.799999999999999,0.0,4.2
2023,331,14.100000000000001,0.0,4.7
2023,332,14.850000000000001,0.0,4.2
2023,333,15.3,4.0,2.7
2023,334,14.899999999999999,0.0,4.4
2023,335,13.0,0.0,3.5
2023,336,16.05,0.0,3.4
2023,337,17.3,0.0,3.9
2023,338,16.2,7.2,1.2
2023,339,17.549999999999997,8.8,1.8
2023,340,14.899999999999999,16.2,1.2
2023,341,16.65,0.0,3.5
2023,342,13.450000000000001,0.0,3.4
2023,343,13.45,0.0,4.9
2023,344,15.7,0.0,4.5
2023,345,14.6,3.2,2.5
2023,346,15.55,0.0,4.2
2023,347,14.5,0.4,4.5
2023,348,15.0,0.4,4.5
2023,349,15.85,5.046666666666667,3.8137931034482757
2023,350,13.450000000000001,0.0,3.1
2023,351,15.7,0.0,4.0
2023,352,19.5,0.0,5.0
2023,353,18.95,0.6,2.5
2023,354,18.450000000000003,0.2,2.7
2023,355,19.4,0.0,4.7
2023,356,19.2,0.0,4.5
2023,357,20.65,0.0,4.3
2023,358,17.46666666666667,3.246666666666667,4.2379310344827585
2023,359,17.78,6.413333333333333,3.9068965517241376
2023,360,17.700000000000003,3.6533333333333333,3.9344827586206894
2023,361,17.246666666666666,0.4266666666666667,4.2379310344827585
2023,362,17.924999999999997,1.7433333333333332,4.23448275862069
2023,363,18.188333333333333,2.0,4.255172413793104
2023,364,18.118333333333332,2.1733333333333333,4.375862068965517
2023,365,18.203333333333333,2.9466666666666668,3.848275862068965
2024,1,17.921666666666667,2.0166666666666666,4.36896551724138
2024,2,13.55,0.0,4.555172413793104
2024,3,14.4,0.0,4.2
2024,4,16.7,0.0,4.6
2024,5,17.55,0.0,4.3
2024,6,17.0,0.0,2.3
2024,7,17.0,0.2,3.5
2024,8,19.0,5.4,3.4
2024,9,19.75,0.0,4.1
2024,10,19.1,0.0,4.5
2024,11,20.05,0.0,4.7
2024,12,19.35,0.0,5.3
2024,13,18.700000000000003,0.0,5.3
2024,14,20.4,0.0,5.2
2024,15,18.796666666666667,1.5466666666666666,4.389285714285714
2024,16,18.884999999999998,1.1066666666666667,4.464285714285714
2024,17,18.660000000000004,1.44,4.753571428571428
2024,18,18.806666666666665,3.1666666666666665,4.160714285714286
2024,19,21.200000000000003,0.0,4.107142857142857
2024,20,21.9,0.2,3.4
2024,21,21.0,0.0,4.4
2024,22,23.25,0.0,5.7
2024,23,22.45,0.6,4.0
2024,24,17.6,4.4,3.3
2024,25,15.8,0.0,4.9
2024,26,17.700000000000003,0.0,5.4
2024,27,17.55,0.0,5.5
2024,28,18.65,5.2,1.6
2024,29,18.15,30.4,0.7
2024,30,18.1,0.0,5.3
2024,31,20.15,0.0,5.4
2024,32,21.0,0.0,5.6
2024,33,18.8,0.0,5.5
2024,34,17.4,10.6,3.4
2024,35,14.399999999999999,5.0,3.2
2024,36,15.35,0.0,4.8
2024,37,16.2,0.0,4.2
2024,38,18.25,0.0,4.5
2024,39,17.1,0.0,4.4
2024,40,19.15,0.0,4.3
2024,41,20.25,0.0,4.5
2024,42,19.0,0.2,3.9
2024,43,14.35,0.0,5.2
2024,44,16.0,0.0,4.2
2024,45,15.7,0.0,4.3
2024,46,18.25,0.0,4.4
2024,47,19.200000000000003,0.0,4.6
2024,48,18.75,0.0,2.7
2024,49,18.4,0.0,4.3
2024,50,17.95,0.0,3.8
2024,51,19.2,2.8,3.9
2024,52,15.049999999999999,0.0,3.7
2024,53,14.899999999999999,0.0,4.1
2024,54,18.25,0.0,4.2
2024,55,16.65,0.0,3.1
2024,56,20.950000000000003,23.2,4.6
2024,57,17.65,1.6,1.1
2024,58,16.65,10.6,1.2
2024,59,14.4,1.8,2.2
2024,60,16.15,0.0,3.7
2024,61,17.75,0.0,4.3
2024,62,16.299999999999997,0.0,3.9
2024,63,17.8,1.0,3.3
2024,64,16.6,10.4,0.9
2024,65,15.15,22.6,0.8
2024,66,13.75,1.8,2.7
2024,67,12.799999999999999,0.0,3.6
2024,68,14.399999999999999,0.6,1.5
2024,69,15.5,0.0,3.2
2024,70,13.850000000000001,0.0,3.0
2024,71,15.75,0.0,3.5
2024,72,17.1,1.4,2.0
2024,73,17.6,3.2,1.5
2024,74,16.65,0.6,2.1
2024,75,16.549999999999997,2.2,1.5
2024,76,12.2,8.8,0.7
2024,77,10.95,0.0,3.5
2024,78,13.85,0.2,2.4
2024,79,12.7,0.2,2.2
2024,80,12.6,0.0,3.5
2024,81,12.15,0.0,3.3
2024,82,11.55,0.0,2.7
2024,83,13.799999999999999,6.4,2.4
2024,84,15.55,2.0,1.0
2024,85,15.95,0.0,2.5
2024,86,16.65,0.4,2.6
2024,87,16.4,1.4,2.2
2024,88,14.45,4.0,1.4
2024,89,14.200000000000001,6.2,1.8
2024,90,10.100000000000001,0.4,2.4
2024,91,10.15,0.0,2.7
2024,92,11.25,0.0,2.6
2024,93,12.65,0.0,1.8
2024,94,13.399999999999999,0.0,2.2
2024,95,15.55,0.0,2.1
2024,96,15.75,4.4,1.4
2024,97,13.100000000000001,0.0,1.9
2024,98,15.0,0.0,1.5
2024,99,14.049999999999999,0.0,1.6
2024,100,15.149999999999999,0.0,2.1
2024,101,17.05,0.0,2.5
2024,102,18.25,0.0,2.3
2024,103,17.1,7.2,1.5
2024,104,14.05,9.2,1.1
2024,105,13.4,2.2,1.7
2024,106,12.25,1.2,1.8
2024,107,13.05,2.0,1.2
2024,108,12.6,3.0,1.2
2024,109,12.649999999999999,2.8,1.1
2024,110,14.05,12.4,1.1
2024,111,15.5,10.2,1.4
2024,112,14.3,6.4,0.5
2024,113,13.149999999999999,0.0,0.9
2024,114,12.15,0.0,1.8
2024,115,13.5,5.0600000000000005,1.7999999999999998
2024,116,13.200000000000001,0.0,1.5
2024,117,15.15,0.2,0.9
2024,118,13.85,1.6,1.2
2024,119,13.25,0.0,1.7
2024,120,14.05,0.0,1.7
2024,121,14.55,0.0,1.2
2024,122,14.5,0.0,2.0
2024,123,15.899999999999999,12.0,1.4
2024,124,11.6,10.4,1.0
2024,125,12.649999999999999,0.4,1.2
2024,126,13.25,0.0,1.6
2024,127,14.899999999999999,0.0,1.5
2024,128,13.95,3.6,1.0
2024,129,10.3,0.0,1.1
2024,130,10.55,0.0,1.5
2024,131,8.299999999999999,0.0,1.3
2024,132,8.4,0.0,1.4
2024,133,8.5,0.0,1.1
2024,134,12.95,0.2,1.2
2024,135,11.5,0.2,0.9
2024,136,12.3,22.8,1.0
2024,137,15.7,15.4,0.3
2024,138,14.55,0.8,0.7
2024,139,11.1,0.0,0.9
